BCODE,Basin_Name,Continent_,Area_km2,Pop_2007,PopDen2007,Pop_2012,PopDen2012,Pop_2015,PopDen2015,Pop_2020,PopDen2020,Dams_Exist,Dam_Plnd,Dam_Plnd20,runoff,withdrawal,consumptio,HydroPolTe,NumberRipa,Riparian_C,Count_of_T,Count_of_R,Wetlands_k,Events__19,Paired_Int,EstDam24,Pop_2022,PopDen2022
LOAX,Loa,SA,35966,222377,6,208791,6,175545,5,179754,5,0,0,0.000000000000000,null,null,null,N/A,2,"Chile, Bolivia",0.000000000000000,0.000000000000000,26.492264434900001,0.000000000000000,0.000000000000000,0.000000000000000,161889.0000000,5
ADIG,Adige,EU,14478,1932938,134,2101036,145,1828231,126,1850105,128,8,0,0.000000000000000,null,null,null,N/A,2,"Italy, Switzerland",0.000000000000000,0.000000000000000,49.337452219900001,0.000000000000000,0.000000000000000,22.000000000000000,1963480.0000000,136
AKPA,Akpa,AF,2434,257944,106,256218,105,241906,99,268593,110,0,0,0.000000000000000,1880,10,0,3,2,"Cameroon, Nigeria",0.000000000000000,0.000000000000000,68.163172682600006,1.000000000000000,1.000000000000000,0.000000000000000,75413.0000000,31
ALKL,Alakol,AS,63501,720327,11,673494,11,601978,9,665060,10,1,0,0.000000000000000,null,null,null,N/A,2,"China, Kazakhstan",14.000000000000000,0.000000000000000,5122.208613460000379,0.000000000000000,0.000000000000000,10.000000000000000,701638.0000000,11
ALSK,Alsek,NA,28220,441,0,483,0,862,0,949,0,0,0,0.000000000000000,1210,0,0,1,2,"Canada, United States of America",2.000000000000000,2.000000000000000,858.650572946000011,0.000000000000000,0.000000000000000,0.000000000000000,959.0310059,0
AMCR,Amacuro,SA,3719,891,0,3373,1,14084,4,31521,8,0,0,0.000000000000000,930,0,0,3,2,"Guyana, Venezuela",0.000000000000000,0.000000000000000,1288.760231770000019,0.000000000000000,0.000000000000000,0.000000000000000,1368.5000000,0
AMUR,Amur,AS,2092690,72327981,35,71233435,34,63743174,30,63646840,30,6,0,29.000000000000000,170,26470,8390,3,4,"China, Dem People's Rep of Korea, Mongolia, Russian Federation",13.000000000000000,1.000000000000000,62651.949093000002904,43.000000000000000,47.000000000000000,131.000000000000000,67495904.0000000,32
AMZN,Amazon,SA,5952595,41637610,7,45614831,8,43884299,7,47383984,8,8,298,278.000000000000000,1110,10460,2740,4,7,"Bolivia, Brazil, Colombia, Ecuador, Guyana, Peru, Venezuela",7.000000000000000,1.000000000000000,385579.926985000027344,16.000000000000000,50.000000000000000,152.000000000000000,35847200.0000000,6
ANAK,An Nahr Al Kabir,AS,1032,229964,223,223464,217,247818,240,262991,255,0,0,0.000000000000000,650,500,240,2,2,"Lebanon, Syrian Arab Republic",2.000000000000000,0.000000000000000,3.683923726900000,0.000000000000000,0.000000000000000,1.000000000000000,262674.0000000,255
ANGE,Angerman,EU,32946,48670,1,40954,1,33059,1,31294,1,9,0,0.000000000000000,null,null,null,N/A,2,"Norway, Sweden",1.000000000000000,0.000000000000000,5609.822447950000424,0.000000000000000,0.000000000000000,32.000000000000000,58383.3007812,2
ANNL,Annole,AF,11219,71225,6,95440,9,165734,15,232836,21,0,0,0.000000000000000,null,null,null,N/A,2,"Kenya, Somalia",0.000000000000000,0.000000000000000,25.644781662200000,0.000000000000000,0.000000000000000,0.000000000000000,46468.1015625,4
ARAL,Aral Sea,AS,1218379,58175339,48,60031948,49,56230499,46,60757039,50,23,1,3.000000000000000,100,106650,55510,3,6,"Afghanistan, Kazakhstan, Kyrgyzstan, Turkmenistan, Uzbekistan, Tajikistan",39.000000000000000,4.000000000000000,22973.848370399999112,68.000000000000000,229.000000000000000,102.000000000000000,63428400.0000000,52
ASIX,Asi/Orontes,AS,23830,5667012,238,6726679,282,5354712,225,5946169,250,2,0,0.000000000000000,380,8420,3770,2,3,"Lebanon, Syrian Arab Republic, Turkey",5.000000000000000,0.000000000000000,98.082999265599994,20.000000000000000,24.000000000000000,13.000000000000000,5707760.0000000,240
ATBN,Artibonite,NA,8860,2103545,237,2288820,258,2073587,234,2098346,237,0,1,1.000000000000000,310,1060,370,4,2,"Dominican Republic, Haiti",4.000000000000000,0.000000000000000,104.279580057000004,0.000000000000000,0.000000000000000,1.000000000000000,2035980.0000000,230
ATCY,Astara Chay,AS,402,78992,196,94920,236,97180,242,104750,261,0,0,0.000000000000000,0,0,0,3,2,"Azerbaijan, Iran  (Islamic Republic of)",2.000000000000000,0.000000000000000,0.420997455064000,4.000000000000000,4.000000000000000,0.000000000000000,81205.6015625,202
ATRK,Atrak,AS,36421,1167794,32,1279879,35,1285633,35,1405797,39,0,0,0.000000000000000,110,6710,3560,2,2,"Iran  (Islamic Republic of), Turkmenistan",4.000000000000000,0.000000000000000,55.095004007599996,12.000000000000000,12.000000000000000,4.000000000000000,961608.0000000,26
AVLS,Aviles,SA,296,157,1,47,0,1544,5,1735,6,0,0,0.000000000000000,0,0,0,3,2,"Argentina, Chile",3.000000000000000,0.000000000000000,0.566033822265000,0.000000000000000,0.000000000000000,0.000000000000000,79.9479980,0
AWSH,Awash,AF,152265,23802075,156,27241405,179,26399133,173,29655158,195,4,0,1.000000000000000,170,1460,610,3,3,"Djibouti, Ethiopia, Somalia",0.000000000000000,0.000000000000000,3525.845846359999996,2.000000000000000,2.000000000000000,7.000000000000000,25931600.0000000,170
AYSN,Aysen,SA,12554,69638,6,80916,6,60835,5,63121,5,0,0,0.000000000000000,1170,20,10,3,2,"Argentina, Chile",3.000000000000000,0.000000000000000,208.885295944999996,0.000000000000000,0.000000000000000,0.000000000000000,102929.0000000,8
BAKR,Baker,SA,26886,17726,1,19961,1,11001,0,11220,0,0,0,0.000000000000000,420,20,10,3,2,"Argentina, Chile",3.000000000000000,0.000000000000000,2945.820326550000118,0.000000000000000,0.000000000000000,0.000000000000000,21589.0996094,1
BANN,Bann,EU,5746,457786,80,492301,86,468375,82,497609,87,0,0,0.000000000000000,480,320,60,3,2,"Ireland, U.K. of Great Britain and Northern Ireland",0.000000000000000,0.000000000000000,438.626821493000023,1.000000000000000,1.000000000000000,3.000000000000000,622978.0000000,108
BATU,Bahr at Tubat,AF,7764,1855,0,949,0,4154,1,4433,1,0,0,0.000000000000000,null,null,null,N/A,2,"Libya, Egypt",0.000000000000000,0.000000000000000,40.260527574299999,0.000000000000000,0.000000000000000,0.000000000000000,1482.5899658,0
BDSO,Bidasoa,EU,720,39139,54,42699,59,59956,83,58354,81,0,0,0.000000000000000,810,70,10,2,2,"France, Spain",4.000000000000000,0.000000000000000,0.651487681859000,0.000000000000000,0.000000000000000,1.000000000000000,44059.3984375,61
BENT,Benito/Ntem,AF,44328,951671,21,1110336,25,1037542,23,1137152,26,0,1,2.000000000000000,1620,240,30,5,3,"Cameroon, Equatorial Guinea, Gabon",0.000000000000000,0.000000000000000,181.159046418000003,0.000000000000000,0.000000000000000,0.000000000000000,657918.0000000,15
BIAX,Bia,AF,11328,1162723,103,1290023,114,1134554,100,1202615,106,2,0,1.000000000000000,520,40,10,3,2,"Cote d'Ivoire, Ghana",0.000000000000000,0.000000000000000,542.515195348000020,0.000000000000000,0.000000000000000,2.000000000000000,845805.0000000,75
BLUN,Beilun,AS,840,84046,100,94358,112,152018,181,160707,191,0,0,0.000000000000000,1260,90,30,3,2,"China, Viet Nam",2.000000000000000,0.000000000000000,4.146472141220000,0.000000000000000,0.000000000000000,1.000000000000000,153054.0000000,182
BLZE,Belize,NA,8569,290597,34,320789,37,193902,23,218062,25,0,0,1.000000000000000,630,30,10,3,2,"Belize, Guatemala",0.000000000000000,0.000000000000000,263.513047656000026,0.000000000000000,0.000000000000000,1.000000000000000,254037.0000000,30
BNGU,Bangau,AS,130,311,2,318,2,603,5,605,5,0,0,0.000000000000000,0,0,0,3,2,"Brunei Darussalam, Malaysia",0.000000000000000,0.000000000000000,102.318061188000001,2.000000000000000,6.000000000000000,0.000000000000000,19.1140003,0
BNSA,Oued Bou Namoussa,AF,2763,355444,129,400016,145,380852,138,390795,141,2,0,0.000000000000000,null,null,null,N/A,2,"Algeria, Tunisia",0.000000000000000,0.000000000000000,89.583084167300001,0.000000000000000,0.000000000000000,3.000000000000000,376398.0000000,136
BRBY,Berbyelva,EU,1317,21830,17,21558,16,21264,16,21972,17,0,0,0.000000000000000,null,null,null,N/A,2,"Norway, Sweden",1.000000000000000,0.000000000000000,140.481441289999992,0.000000000000000,0.000000000000000,0.000000000000000,36421.6992188,28
BRKA,Baraka,AF,63770,2917101,46,3765008,59,3234864,51,3606192,57,1,0,0.000000000000000,50,330,160,3,2,"Eritrea, Sudan",0.000000000000000,0.000000000000000,5.170350495620000,0.000000000000000,0.000000000000000,2.000000000000000,1720790.0000000,27
BRMA,Barima,SA,923,210,0,934,1,5183,6,10492,11,0,0,0.000000000000000,650,0,0,3,2,"Guyana, Venezuela",0.000000000000000,0.000000000000000,515.718746531999955,0.000000000000000,0.000000000000000,0.000000000000000,335.6220093,0
BRTA,Barta,EU,2725,85488,31,81889,30,52605,19,50864,19,0,0,0.000000000000000,400,20,10,3,2,"Latvia, Lithuania",0.000000000000000,0.000000000000000,78.462322714600006,1.000000000000000,1.000000000000000,0.000000000000000,79560.2031250,29
BUZI,Buzi,AF,28490,1335316,47,1558258,55,1950331,68,2227706,78,3,0,2.000000000000000,330,100,50,3,2,"Mozambique, Zimbabwe",5.000000000000000,1.000000000000000,243.472157629999998,1.000000000000000,1.000000000000000,15.000000000000000,1699300.0000000,60
CAET,Caetani,NA,866,0,0,0,0,0,0,0,0,0,0,0.000000000000000,null,null,null,N/A,2,"Canada, United States of America",2.000000000000000,0.000000000000000,6.693624341410000,0.000000000000000,0.000000000000000,0.000000000000000,0.0000000,0
CAXX,Ca/Song Lam,AS,27249,4063253,149,3748766,138,3135004,115,3103856,114,0,2,8.000000000000000,760,1600,460,5,2,"Lao People's Democratic Republic, Viet Nam",0.000000000000000,0.000000000000000,132.470729938999995,6.000000000000000,6.000000000000000,13.000000000000000,2482540.0000000,91
CDLR,Candelaria,NA,14609,126470,9,157598,11,164545,11,172195,12,0,0,0.000000000000000,330,20,10,2,2,"Guatemala, Mexico",3.000000000000000,2.000000000000000,481.733197786000005,0.000000000000000,0.000000000000000,0.000000000000000,117377.0000000,8
CGNL,Changuinola,NA,3216,68640,21,85275,27,76659,24,88759,28,0,0,1.000000000000000,1230,40,10,3,2,"Costa Rica, Panama",0.000000000000000,0.000000000000000,79.288638017500006,0.000000000000000,0.000000000000000,1.000000000000000,78649.8984375,24
CHIC,Carmen Silva/Chico,SA,2065,3669,2,2537,1,7166,3,7982,4,0,0,0.000000000000000,30,0,0,3,2,"Argentina, Chile",3.000000000000000,0.000000000000000,37.665552571900001,0.000000000000000,0.000000000000000,0.000000000000000,315.0679932,0
CHIR,Chira,SA,17684,1120191,63,1067038,60,968733,55,981035,55,2,0,0.000000000000000,190,1840,650,3,2,"Ecuador, Peru",5.000000000000000,0.000000000000000,69.690366430200001,2.000000000000000,2.000000000000000,5.000000000000000,765511.0000000,43
CHLT,Choluteca,NA,8049,2195718,273,2430187,302,2161561,269,2274135,283,0,0,0.000000000000000,560,290,50,3,2,"Honduras, Nicaragua",0.000000000000000,0.000000000000000,166.978409607999993,0.000000000000000,0.000000000000000,2.000000000000000,2369360.0000000,294
CHUY,Chuy,SA,722,22545,31,21237,29,21128,29,20600,29,0,0,0.000000000000000,0,0,0,2,2,"Brazil, Uruguay",2.000000000000000,0.000000000000000,35.781647759000002,0.000000000000000,0.000000000000000,0.000000000000000,16091.5000000,22
CLDO,Colorado,NA,662500,13757223,21,14265443,22,14265007,22,15842339,24,82,0,0.000000000000000,40,21500,11600,1,2,"Mexico, United States of America",32.000000000000000,1.000000000000000,4769.894894039999599,24.000000000000000,24.000000000000000,221.000000000000000,13580100.0000000,20
CLKT,Chilkat,NA,3967,186,0,211,0,421,0,419,0,0,0,0.000000000000000,1250,0,0,1,2,"Canada, United States of America",2.000000000000000,2.000000000000000,123.940239606000006,0.000000000000000,0.000000000000000,0.000000000000000,647.7780151,0
CLMB,Columbia,NA,654304,7905365,12,8352034,13,7767022,12,8220328,13,125,0,2.000000000000000,360,36080,20790,1,2,"Canada, United States of America",13.000000000000000,1.000000000000000,10445.577180399999634,16.000000000000000,16.000000000000000,243.000000000000000,9024000.0000000,14
CLNG,Chiloango,AF,12996,1720665,132,1847904,142,1215264,94,1386495,107,0,0,0.000000000000000,330,50,10,3,3,"Angola, Congo, Democratic Republic of the Congo",0.000000000000000,0.000000000000000,70.275215781200004,2.000000000000000,11.000000000000000,0.000000000000000,1071070.0000000,82
CNCS,Cancoso/Lauca,SA,32882,71408,2,75826,2,82136,2,102349,3,0,0,0.000000000000000,0,70,30,3,2,"Bolivia, Chile",0.000000000000000,0.000000000000000,2342.418080269999791,8.000000000000000,11.000000000000000,0.000000000000000,66983.7031250,2
CNCT,Connecticut,NA,29131,2505148,86,2591331,89,2305795,79,2306839,79,25,0,0.000000000000000,null,null,null,N/A,2,"Canada, United States of America",2.000000000000000,0.000000000000000,591.757785944000034,0.000000000000000,0.000000000000000,67.000000000000000,2410240.0000000,83
CNGO,Congo/Zaire,AF,3688888,123821151,34,141794097,38,134850972,37,156796380,43,5,13,41.000000000000000,400,2120,410,3,10,"Angola, Burundi, Cameroon, Central African Republic, Congo, Democratic Republic of the Congo, Malawi, Rwanda, United Republic of Tanzania, Zambia",8.000000000000000,2.000000000000000,262526.273524000018369,9.000000000000000,31.000000000000000,47.000000000000000,127891000.0000000,35
COCO,Coco/Segovia,NA,24509,1307928,53,1317882,54,1269660,52,1381075,56,0,0,0.000000000000000,1050,50,20,3,2,"Honduras, Nicaragua",0.000000000000000,0.000000000000000,165.718553164000014,0.000000000000000,0.000000000000000,0.000000000000000,1188920.0000000,49
COMA,Comau,SA,910,76,0,37,0,2611,3,2522,3,0,0,0.000000000000000,0,0,0,3,2,"Argentina, Chile",3.000000000000000,0.000000000000000,5.162510691990000,0.000000000000000,0.000000000000000,0.000000000000000,38.9119987,0
COPR,Copper,NA,66095,1822,0,1354,0,1888,0,1812,0,0,0,0.000000000000000,null,null,null,N/A,2,"Canada, United States of America",2.000000000000000,0.000000000000000,1369.960997899999938,0.000000000000000,0.000000000000000,0.000000000000000,2804.1101074,0
CROS,Cross,AF,52840,14455385,274,17715863,335,17009285,322,18955705,359,1,0,1.000000000000000,1590,630,70,3,2,"Cameroon, Nigeria",0.000000000000000,0.000000000000000,583.127730105999944,2.000000000000000,2.000000000000000,1.000000000000000,14909400.0000000,282
CRTY,Corantijn/Courantyne,SA,65350,64477,1,55990,1,38527,1,36831,1,0,0,0.000000000000000,710,100,40,3,2,"Guyana, Suriname",0.000000000000000,0.000000000000000,658.353781881000032,1.000000000000000,1.000000000000000,0.000000000000000,25078.6992188,0
CRUH,Coruh,AS,22039,643284,29,704946,32,448157,20,405194,18,0,1,27.000000000000000,590,640,290,3,2,"Georgia, Turkey",3.000000000000000,1.000000000000000,41.004524939000000,0.000000000000000,0.000000000000000,16.000000000000000,369748.0000000,17
CSTL,Castletown,EU,265,40136,151,36234,137,33609,127,34997,132,0,0,0.000000000000000,0,0,0,3,2,"Ireland, U.K. of Great Britain and Northern Ireland",0.000000000000000,0.000000000000000,1.103844351450000,0.000000000000000,0.000000000000000,0.000000000000000,48551.6992188,183
CSTO,Cestos,AF,12714,693239,55,847157,67,686889,54,762952,60,0,0,1.000000000000000,1440,20,0,3,2,"Cote d'Ivoire, Liberia",0.000000000000000,0.000000000000000,19.859006581399999,0.000000000000000,0.000000000000000,0.000000000000000,684135.0000000,54
CTAT,Coatan Achute,NA,679,287214,423,306199,451,272608,401,287798,424,0,0,0.000000000000000,0,0,0,2,2,"Guatemala, Mexico",2.000000000000000,1.000000000000000,4.313459958590000,0.000000000000000,0.000000000000000,0.000000000000000,236419.0000000,348
CTNA,Cetina,EU,5099,288073,56,162377,32,153738,30,150567,30,2,0,0.000000000000000,null,null,null,N/A,2,"Bosnia and Herzegovina, Croatia",0.000000000000000,0.000000000000000,73.027770836599998,0.000000000000000,0.000000000000000,6.000000000000000,132331.0000000,26
CTTB,Catatumbo,SA,27435,2569416,94,2676977,98,2123427,77,1975884,72,0,0,0.000000000000000,720,670,160,3,2,"Colombia, Venezuela",0.000000000000000,0.000000000000000,1102.037276719999909,1.000000000000000,1.000000000000000,0.000000000000000,1771550.0000000,65
CULL,Cullen,SA,917,1453,2,1265,1,1367,1,1512,2,0,0,0.000000000000000,30,20,10,2,2,"Argentina, Chile",3.000000000000000,1.000000000000000,1.257504502650000,0.000000000000000,0.000000000000000,0.000000000000000,63.1759987,0
CVLY,Cavally,AF,29502,899485,30,1283771,44,1519728,52,1713577,58,0,0,2.000000000000000,1280,40,10,3,3,"Cote d'Ivoire, Guinea, Liberia",0.000000000000000,0.000000000000000,43.986002260399999,0.000000000000000,0.000000000000000,0.000000000000000,1117340.0000000,38
DANU,Danube,EU,800970,86492934,108,84236160,105,73138909,91,72412481,90,185,92,115.000000000000000,280,53820,12710,2,19,"Albania, Austria, Bosnia and Herzegovina, Bulgaria, Croatia, Czech Republic, Germany, Hungary, Italy, Moldova, Republic of, Montenegro, Poland, Republic of North Macedonia, Romania, Serbia, Slovakia, Slovenia, Switzerland, Ukraine",61.000000000000000,5.000000000000000,13648.393325799999729,317.000000000000000,975.000000000000000,619.000000000000000,76761200.0000000,96
DAUR,Daoura,AF,49690,904132,18,856585,17,854513,17,883792,18,1,0,0.000000000000000,50,540,360,3,2,"Algeria, Morocco",0.000000000000000,0.000000000000000,10.125890371700001,0.000000000000000,0.000000000000000,1.000000000000000,768263.0000000,15
DIGL,Digul,AS,30033,130888,4,165271,6,179115,6,252891,8,0,0,0.000000000000000,2720,10,0,3,2,"Indonesia, Papua New Guinea",0.000000000000000,0.000000000000000,550.427125174000025,0.000000000000000,0.000000000000000,0.000000000000000,224111.0000000,7
DNPR,Dnieper,EU,511383,28323501,55,27916026,55,24973873,49,24432226,48,6,0,0.000000000000000,130,14490,4660,2,3,"Belarus, Ukraine, Russian Federation",7.000000000000000,1.000000000000000,14327.965536199999406,6.000000000000000,11.000000000000000,53.000000000000000,26597200.0000000,52
DNSR,Dniester,EU,73382,7597170,104,6891019,94,6392435,87,6259306,85,2,0,0.000000000000000,160,2990,1010,2,3,"Moldova, Republic of, Poland, Ukraine",7.000000000000000,1.000000000000000,1394.318483799999967,6.000000000000000,8.000000000000000,13.000000000000000,6127680.0000000,84
DONX,Don,EU,439278,17670831,40,17355494,40,15704653,36,15387049,35,3,0,0.000000000000000,100,10200,2950,3,2,"Ukraine, Russian Federation",2.000000000000000,0.000000000000000,7389.579389479999918,2.000000000000000,3.000000000000000,51.000000000000000,16581800.0000000,38
DRAG,Dragonja,EU,154,11674,76,11675,76,7176,47,7351,48,0,0,0.000000000000000,510,20,10,3,2,"Croatia, Slovenia",0.000000000000000,0.000000000000000,0.057230566517100,0.000000000000000,0.000000000000000,0.000000000000000,9016.1601562,59
DRAX,Dra,AF,94178,1396081,15,1295359,14,1120809,12,1162649,12,2,0,0.000000000000000,70,2180,1360,3,2,"Algeria, Morocco",0.000000000000000,0.000000000000000,26.025012138400001,0.000000000000000,0.000000000000000,3.000000000000000,1001220.0000000,11
DRIN,Drin,EU,18213,2264839,124,1953327,107,1728516,95,1767440,97,7,14,14.000000000000000,870,1040,380,5,4,"Albania, Montenegro, Republic of North Macedonia, Serbia",2.000000000000000,0.000000000000000,1015.330616500000019,3.000000000000000,3.000000000000000,8.000000000000000,1436540.0000000,79
DSHT,Dasht,AS,30984,638477,21,711662,23,666216,22,687545,22,0,0,0.000000000000000,60,2340,720,3,2,"Iran  (Islamic Republic of), Pakistan",0.000000000000000,0.000000000000000,21.822093411000001,0.000000000000000,0.000000000000000,6.000000000000000,512449.0000000,17
DUGV,Daugava,EU,86343,2153043,25,2029356,24,1616657,19,1552503,18,3,0,2.000000000000000,260,2940,140,2,5,"Belarus, Estonia, Latvia, Lithuania, Russian Federation",11.000000000000000,1.000000000000000,4582.465572670000256,3.000000000000000,6.000000000000000,8.000000000000000,2219650.0000000,26
DURO,Douro/Duero,EU,97379,4260703,44,4285931,44,3683361,38,3507670,36,39,0,4.000000000000000,250,7420,3720,1,2,"Portugal, Spain",7.000000000000000,1.000000000000000,341.801326730000028,12.000000000000000,12.000000000000000,105.000000000000000,3636410.0000000,37
EBRO,Ebro,EU,85462,3207066,38,3701639,43,3263732,38,3264841,38,42,0,1.000000000000000,220,9870,4450,2,3,"Andorra, France, Spain",2.000000000000000,0.000000000000000,417.427208489999998,8.000000000000000,8.000000000000000,143.000000000000000,3530320.0000000,41
ELBE,Elbe,EU,145157,22928761,158,22426010,154,20042175,138,19912389,137,42,0,0.000000000000000,210,7460,1120,1,4,"Austria, Czech Republic, Germany, Poland",13.000000000000000,2.000000000000000,2324.551167789999909,9.000000000000000,14.000000000000000,148.000000000000000,24188200.0000000,167
ELNK,Elancik,EU,1380,57094,41,42206,31,40648,29,39315,28,0,0,0.000000000000000,0,0,0,3,2,"Ukraine, Russian Federation",2.000000000000000,0.000000000000000,11.064314866500000,1.000000000000000,1.000000000000000,0.000000000000000,27548.9003906,20
ERNE,Erne,EU,4438,131598,30,140121,32,116263,26,121234,27,1,0,0.000000000000000,650,110,20,3,2,"Ireland, U.K. of Great Britain and Northern Ireland",0.000000000000000,0.000000000000000,318.796206950999988,0.000000000000000,0.000000000000000,2.000000000000000,157173.0000000,35
ESQB,Essequibo,SA,157529,313164,2,353910,2,402968,3,368692,2,0,2,3.000000000000000,1010,120,20,4,2,"Guyana, Venezuela",0.000000000000000,0.000000000000000,1927.143681860000015,0.000000000000000,0.000000000000000,3.000000000000000,270019.0000000,2
ETOS,Cuvelai/Etosha,AF,173682,1591958,9,1689968,10,2181189,13,2273482,13,1,0,0.000000000000000,40,150,50,3,2,"Angola, Namibia",3.000000000000000,0.000000000000000,690.884263073000056,1.000000000000000,1.000000000000000,1.000000000000000,2102710.0000000,12
FANE,Fane,EU,341,16799,49,19496,57,17474,51,18191,53,0,0,0.000000000000000,510,40,10,3,2,"Ireland, U.K. of Great Britain and Northern Ireland",0.000000000000000,0.000000000000000,4.304836174600000,0.000000000000000,0.000000000000000,0.000000000000000,22494.6992188,66
FLRY,Flurry,EU,201,12237,61,12495,62,12403,62,13784,69,0,0,0.000000000000000,350,120,30,3,2,"Ireland, U.K. of Great Britain and Northern Ireland",0.000000000000000,0.000000000000000,4.701530238400000,0.000000000000000,0.000000000000000,0.000000000000000,16436.9003906,82
FLYX,Fly,AS,71446,240019,3,295009,4,698426,10,847253,12,0,0,0.000000000000000,2550,30,0,2,2,"Indonesia, Papua New Guinea",1.000000000000000,1.000000000000000,3515.983373389999997,1.000000000000000,1.000000000000000,0.000000000000000,572581.0000000,8
FNNY,Fenney,AS,3028,2244379,741,2188328,723,2178862,720,2287562,755,0,0,0.000000000000000,1150,230,80,2,2,"Bangladesh, India",1.000000000000000,1.000000000000000,18.773977758699999,11.000000000000000,11.000000000000000,0.000000000000000,1808990.0000000,597
FOYL,Foyle,EU,2923,178117,61,180800,62,147262,50,149548,51,0,0,0.000000000000000,630,100,20,3,2,"Ireland, U.K. of Great Britain and Northern Ireland",0.000000000000000,0.000000000000000,235.248987599999992,0.000000000000000,0.000000000000000,0.000000000000000,198272.0000000,68
FRSR,Fraser,NA,231593,1230174,5,1281678,6,1227317,5,1295928,6,10,0,1.000000000000000,540,1880,450,1,2,"Canada, United States of America",4.000000000000000,0.000000000000000,8553.776901240000370,0.000000000000000,0.000000000000000,10.000000000000000,1507080.0000000,7
FRTH,Firth,NA,6075,0,0,0,0,0,0,0,0,0,0,0.000000000000000,50,0,0,1,2,"Canada, United States of America",2.000000000000000,1.000000000000000,23.021583366800002,0.000000000000000,0.000000000000000,0.000000000000000,0.0000000,0
GALG,Gallegos/Chico,SA,16807,97733,6,109170,6,33012,2,36135,2,0,0,0.000000000000000,300,10,0,3,2,"Argentina, Chile",3.000000000000000,0.000000000000000,113.981337052000001,0.000000000000000,0.000000000000000,0.000000000000000,162272.0000000,10
GAMB,Gambia,AF,77179,4502162,58,4841792,63,4605627,60,5221798,68,0,0,8.000000000000000,110,110,40,1,3,"Gambia, Guinea, Senegal",10.000000000000000,1.000000000000000,1510.882252169999902,9.000000000000000,38.000000000000000,0.000000000000000,4412650.0000000,57
GANG,Ganges-Brahmaputra-Meghna,AS,1661973,922287201,555,999232562,601,955717182,575,1020220830,614,82,274,330.000000000000000,860,500080,165390,3,8,"Arunachal Pradesh, Bangladesh, Bhutan, China, China/India, India, Myanmar, Nepal",35.000000000000000,2.000000000000000,27897.580595200000971,290.000000000000000,327.000000000000000,792.000000000000000,849305024.0000000,511
GASH,Gash,AF,23656,3664299,155,4563358,193,3200254,135,3640437,154,0,0,0.000000000000000,140,140,60,2,3,"Eritrea, Ethiopia, Sudan",2.000000000000000,0.000000000000000,5.300491235920000,0.000000000000000,0.000000000000000,3.000000000000000,2403110.0000000,102
GEBA,Geba-Corubal,AF,36629,1703300,47,1892784,52,1886164,51,2076658,57,0,0,11.000000000000000,560,30,10,2,3,"Guinea, Guinea-Bissau, Senegal",1.000000000000000,0.000000000000000,457.016648873000008,0.000000000000000,0.000000000000000,1.000000000000000,1533000.0000000,42
GJLV,Grijalva,NA,125675,10669357,85,11973873,95,12661846,101,13730715,109,6,0,4.000000000000000,1010,1190,310,4,3,"Belize, Guatemala, Mexico",2.000000000000000,2.000000000000000,4233.361468860000059,5.000000000000000,6.000000000000000,19.000000000000000,10539900.0000000,84
GLAM,Glama,EU,41375,485295,12,499396,12,489518,12,518005,13,6,0,0.000000000000000,570,1150,270,2,2,"Norway, Sweden",2.000000000000000,0.000000000000000,3696.031519629999821,0.000000000000000,0.000000000000000,16.000000000000000,821139.0000000,20
GLNA,Galana,AF,46663,10842707,232,11331714,243,11654730,250,12963565,278,0,0,1.000000000000000,null,null,null,N/A,2,"Kenya, United Republic of Tanzania",2.000000000000000,0.000000000000000,56.053028011499997,0.000000000000000,0.000000000000000,11.000000000000000,10656200.0000000,228
GLOK,Golok,AS,2320,613102,264,645282,278,693220,299,674907,291,0,0,0.000000000000000,1310,700,240,3,2,"Malaysia, Thailand",1.000000000000000,0.000000000000000,73.150855753599998,3.000000000000000,3.000000000000000,2.000000000000000,416463.0000000,180
GOSR,Goascoran,NA,2746,380266,138,312648,114,249156,91,234304,85,0,0,0.000000000000000,430,20,0,3,2,"El Salvador, Honduras",0.000000000000000,0.000000000000000,28.962586559500000,1.000000000000000,1.000000000000000,0.000000000000000,200974.0000000,73
GRON,Garonne,EU,81276,5263747,65,5605565,69,5264074,65,5473663,67,34,0,0.000000000000000,450,7120,2010,1,3,"Andorra, France, Spain",5.000000000000000,1.000000000000000,403.808685599999990,0.000000000000000,0.000000000000000,204.000000000000000,5592820.0000000,69
GRYE,Gruzskiy Yelanchik,EU,1244,31044,25,20750,17,35210,28,33612,27,0,0,0.000000000000000,null,null,null,N/A,2,"Ukraine, Russian Federation",2.000000000000000,0.000000000000000,8.078917643270000,0.000000000000000,0.000000000000000,0.000000000000000,16958.8007812,14
GSCR,Great Scarcies,AF,7832,822515,105,784529,100,678424,87,744586,95,0,0,0.000000000000000,1710,40,10,2,2,"Guinea, Sierra Leone",3.000000000000000,0.000000000000000,169.785059308000001,0.000000000000000,0.000000000000000,0.000000000000000,684993.0000000,87
GUDN,Guadiana,EU,67060,1925405,29,2066654,31,1716816,26,1665324,25,23,0,0.000000000000000,170,8610,4930,1,2,"Portugal, Spain",6.000000000000000,1.000000000000000,650.165890966999996,14.000000000000000,14.000000000000000,65.000000000000000,1602490.0000000,24
GUIR,Guir,AF,108733,508823,5,609789,6,573241,5,613601,6,2,0,0.000000000000000,30,250,140,3,2,"Algeria, Morocco",0.000000000000000,0.000000000000000,34.914565477300002,0.000000000000000,0.000000000000000,3.000000000000000,632457.0000000,6
GUJA,Gauja,EU,9207,133495,14,129163,14,123645,13,119135,13,0,0,0.000000000000000,390,20,10,3,2,"Estonia, Latvia",0.000000000000000,0.000000000000000,232.996612016000000,1.000000000000000,1.000000000000000,0.000000000000000,149948.0000000,16
HANX,Han,AS,33378,21630840,648,21494004,644,19304888,578,19580395,587,17,0,0.000000000000000,590,11630,1610,3,2,"Dem People's Rep of Korea, Republic of Korea",0.000000000000000,0.000000000000000,444.554497018999996,14.000000000000000,14.000000000000000,59.000000000000000,19393200.0000000,581
HARI,Hari/Harirud,AS,119096,6633016,56,7956379,67,7069263,59,7845040,66,1,0,0.000000000000000,70,19130,9800,3,3,"Afghanistan, Iran  (Islamic Republic of), Turkmenistan",4.000000000000000,1.000000000000000,229.949280343999988,7.000000000000000,7.000000000000000,10.000000000000000,10082400.0000000,85
HIMR,Hamun-i-Mashkel/Rakshan,AS,116505,1099375,9,1289338,11,1023416,9,998128,9,0,0,0.000000000000000,50,2090,720,3,2,"Iran  (Islamic Republic of), Pakistan",0.000000000000000,0.000000000000000,0.195995090812000,0.000000000000000,0.000000000000000,1.000000000000000,1071880.0000000,9
HLMD,Helmand,AS,403043,14763878,37,14320274,36,11868951,29,12642419,31,2,0,1.000000000000000,80,40730,15340,2,3,"Afghanistan, Iran  (Islamic Republic of), Pakistan",3.000000000000000,1.000000000000000,125.665780385999994,25.000000000000000,27.000000000000000,4.000000000000000,12932400.0000000,32
HOND,Hondo,NA,12699,111170,9,137022,11,206867,16,224898,18,0,0,0.000000000000000,240,100,40,2,3,"Belize, Guatemala, Mexico",2.000000000000000,1.000000000000000,206.158612240999986,0.000000000000000,0.000000000000000,1.000000000000000,98652.2031250,8
HRUN,Har Us Nur,AS,187177,318627,2,277488,1,180927,1,164138,1,0,0,0.000000000000000,20,320,100,3,2,"Mongolia, Russian Federation",3.000000000000000,0.000000000000000,7582.637689850000243,3.000000000000000,3.000000000000000,1.000000000000000,213133.0000000,1
HSIX,Zhu Jiang/Hsi,AS,401083,104949120,262,105724601,264,95380078,238,96308803,240,49,4,23.000000000000000,730,44110,13020,5,2,"China, Viet Nam",3.000000000000000,0.000000000000000,3645.532208520000040,0.000000000000000,0.000000000000000,924.000000000000000,79651200.0000000,199
ICMT,Incomati,AF,46630,2946944,63,3268700,70,3121426,67,3307396,71,15,2,1.000000000000000,110,670,270,2,3,"Eswatini, Mozambique, South Africa",8.000000000000000,4.000000000000000,288.634914416000015,11.000000000000000,22.000000000000000,65.000000000000000,2686380.0000000,58
ILIX,Ili/Yili He,AS,414939,5628760,14,6661048,16,6266056,15,6597330,16,1,1,9.000000000000000,50,15870,7120,3,3,"China, Kazakhstan, Kyrgyzstan",17.000000000000000,0.000000000000000,24634.559461799999553,11.000000000000000,13.000000000000000,43.000000000000000,6969500.0000000,17
INDL,Indalsalven,EU,26581,79794,3,75226,3,65553,2,65751,2,6,0,0.000000000000000,null,null,null,N/A,2,"Norway, Sweden",1.000000000000000,0.000000000000000,4784.755241820000265,0.000000000000000,0.000000000000000,22.000000000000000,111844.0000000,4
INDU,Indus,AS,855875,229069384,268,258279235,302,233730413,273,256555905,300,31,52,136.000000000000000,210,294710,105990,3,7,"Afghanistan, Aksai Chin, China, China/India, India, Jammu and Kashmir, Pakistan",14.000000000000000,1.000000000000000,7764.815126759999657,286.000000000000000,332.000000000000000,115.000000000000000,244604000.0000000,286
IRWD,Irrawaddy,AS,375388,35818269,95,40435984,108,35011347,93,36323121,97,11,4,27.000000000000000,1470,8650,3190,5,3,"China, India, Myanmar",3.000000000000000,0.000000000000000,3621.874817070000063,5.000000000000000,5.000000000000000,115.000000000000000,28993600.0000000,77
ISNZ,Isonzo,EU,3357,329597,98,334013,99,297282,89,292944,87,0,6,6.000000000000000,1060,510,100,4,2,"Italy, Slovenia",4.000000000000000,0.000000000000000,3.857967367550000,0.000000000000000,0.000000000000000,8.000000000000000,305851.0000000,91
JAPR,Jayapura,AS,5253,250579,48,435632,83,445266,85,551753,105,0,0,0.000000000000000,740,10,0,3,2,"Indonesia, Papua New Guinea",0.000000000000000,0.000000000000000,116.683717364000003,0.000000000000000,0.000000000000000,1.000000000000000,581267.0000000,111
JCBS,Jacobs,EU,944,1015,1,704,1,1343,1,1327,1,0,0,0.000000000000000,240,0,0,3,2,"Norway, Russian Federation",1.000000000000000,0.000000000000000,114.033863736000001,0.000000000000000,0.000000000000000,0.000000000000000,1230.9599609,1
JORD,Jordan,AS,45005,11497883,255,11978813,266,12087092,269,13165407,293,0,0,0.000000000000000,120,6190,2340,1,6,"Egypt, Israel, Jordan, Lebanon, Syrian Arab Republic, West Bank",11.000000000000000,3.000000000000000,907.593683043000055,416.000000000000000,583.000000000000000,24.000000000000000,13530300.0000000,301
JUBA,Juba-Shibeli,AF,792350,27415780,35,35128326,44,36838346,46,43488238,55,1,1,2.000000000000000,70,2400,1150,4,3,"Ethiopia, Kenya, Somalia",4.000000000000000,0.000000000000000,617.255963278999957,1.000000000000000,2.000000000000000,3.000000000000000,35344600.0000000,45
JURD,Jurado,SA,918,2340,3,2389,3,2808,3,2591,3,0,0,0.000000000000000,2490,0,0,3,2,"Colombia, Panama",0.000000000000000,0.000000000000000,3.647076649830000,0.000000000000000,0.000000000000000,0.000000000000000,467.7210083,1
KALD,Kaladan,AS,23698,1282766,54,1516394,64,1201871,51,1213885,51,0,0,0.000000000000000,2160,80,20,3,2,"India, Myanmar",0.000000000000000,0.000000000000000,268.596376330999988,1.000000000000000,1.000000000000000,1.000000000000000,1053630.0000000,44
KEMI,Kemi,EU,53893,64860,1,60947,1,62877,1,61833,1,9,0,0.000000000000000,340,30,10,2,2,"Finland, Russian Federation",2.000000000000000,1.000000000000000,9649.550174849999166,0.000000000000000,0.000000000000000,17.000000000000000,100269.0000000,2
KGNK,Kogilnik,EU,3972,216238,54,191649,48,178597,45,174430,44,0,0,0.000000000000000,130,80,20,3,2,"Moldova, Republic of, Ukraine",2.000000000000000,0.000000000000000,27.530254435800000,2.000000000000000,2.000000000000000,0.000000000000000,195843.0000000,49
KMOE,Komoe,AF,83391,5996410,72,7207727,86,7484254,90,8521992,102,6,0,4.000000000000000,230,710,80,3,4,"Burkina Faso, Cote d'Ivoire, Ghana, Mali",0.000000000000000,0.000000000000000,573.929288504000056,0.000000000000000,0.000000000000000,9.000000000000000,6227210.0000000,75
KNFL,Karnaphuli,AS,13909,7836799,563,8363896,601,7296802,525,7680615,552,1,0,0.000000000000000,1610,2940,750,2,2,"Bangladesh, India",1.000000000000000,1.000000000000000,472.559059574999992,10.000000000000000,10.000000000000000,3.000000000000000,6454000.0000000,464
KOWL,Kowl E Namaksar,AS,42272,331887,8,454523,11,573672,14,637256,15,0,0,0.000000000000000,40,3510,1890,3,2,"Afghanistan, Iran  (Islamic Republic of)",0.000000000000000,0.000000000000000,0.446868807052000,0.000000000000000,0.000000000000000,0.000000000000000,271314.0000000,6
KRKA,Krka,EU,2488,85627,34,87942,35,65171,26,63691,26,0,2,1.000000000000000,750,90,10,5,2,"Bosnia and Herzegovina, Croatia",0.000000000000000,0.000000000000000,5.681505692460000,0.000000000000000,0.000000000000000,1.000000000000000,66070.2968750,27
KRLV,Klaralven,EU,50092,677051,14,644294,13,629297,13,631491,13,5,0,0.000000000000000,410,600,140,2,2,"Norway, Sweden",2.000000000000000,0.000000000000000,10493.948768800000835,0.000000000000000,0.000000000000000,31.000000000000000,921468.0000000,18
KUNE,Kunene,AF,108563,2171921,20,3279072,30,3679576,34,3606895,33,5,3,3.000000000000000,110,240,80,3,2,"Angola, Namibia",8.000000000000000,3.000000000000000,817.347351488999948,10.000000000000000,11.000000000000000,11.000000000000000,5110300.0000000,47
KURA,Kura-Araks,AS,189893,15010215,79,16162397,85,13984636,74,14092972,74,13,0,9.000000000000000,130,26280,13090,2,5,"Armenia, Azerbaijan, Georgia, Iran  (Islamic Republic of), Turkey",15.000000000000000,1.000000000000000,3011.546888270000181,25.000000000000000,33.000000000000000,54.000000000000000,14308500.0000000,75
LAVA,Lava/Pregel,EU,14466,1041833,72,1048508,72,881397,61,875145,60,0,0,0.000000000000000,330,250,40,3,3,"Lithuania, Poland, Russian Federation",3.000000000000000,0.000000000000000,425.272499985000024,0.000000000000000,0.000000000000000,2.000000000000000,1238480.0000000,86
LGFL,Laguna Filaret,SA,2057,564,0,156,0,2360,1,2477,1,0,0,0.000000000000000,null,null,null,N/A,2,"Argentina, Chile",3.000000000000000,0.000000000000000,72.233598728600001,0.000000000000000,0.000000000000000,0.000000000000000,424.4760132,0
LGPS,Lotagipi Swamp,AF,31760,417997,13,594201,19,913608,29,1269373,40,0,0,0.000000000000000,50,10,0,3,5,"Ethiopia, Ilemi triangle, Kenya, South Sudan, Uganda",2.000000000000000,0.000000000000000,25.885463633699999,0.000000000000000,0.000000000000000,0.000000000000000,809899.0000000,26
LIMA,Lima,EU,2469,136017,55,157787,64,119181,48,113023,46,4,0,0.000000000000000,870,340,180,1,2,"Portugal, Spain",5.000000000000000,1.000000000000000,22.299537452199999,8.000000000000000,8.000000000000000,4.000000000000000,113481.0000000,46
LKAZ,Lake Azuei,NA,914,269508,295,179330,196,135583,148,138578,152,0,0,0.000000000000000,null,null,null,N/A,2,"Dominican Republic, Haiti",2.000000000000000,0.000000000000000,140.141977792999995,0.000000000000000,0.000000000000000,0.000000000000000,136586.0000000,149
LKCH,Lake Chad,AF,2596866,60984808,23,72263783,28,74062939,29,85168593,33,16,0,2.000000000000000,70,3260,1300,4,8,"Algeria, Cameroon, Central African Republic, Chad, Libya, Niger, Nigeria, Sudan",4.000000000000000,1.000000000000000,21501.435250700000324,7.000000000000000,22.000000000000000,23.000000000000000,67006000.0000000,26
LKCW,Lake Chilwa,AF,8752,2043543,233,2462423,281,2158072,247,2278044,260,0,0,0.000000000000000,null,null,null,N/A,2,"Malawi, Mozambique",1.000000000000000,0.000000000000000,1814.698162339999953,0.000000000000000,0.000000000000000,1.000000000000000,1999310.0000000,228
LKCY,Lake Cayo,AF,3552,91548,26,109587,31,349588,98,295941,83,0,0,0.000000000000000,null,null,null,N/A,2,"Angola, Congo",0.000000000000000,0.000000000000000,147.099803516999998,0.000000000000000,0.000000000000000,0.000000000000000,188704.0000000,53
LKDR,Lak Dera,AF,5427,52580,10,52653,10,59255,11,81644,15,0,0,0.000000000000000,null,null,null,N/A,2,"Kenya, Somalia",0.000000000000000,0.000000000000000,27.136696293499998,0.000000000000000,0.000000000000000,0.000000000000000,71800.6015625,13
LKEQ,Lake Enriquillo,NA,3067,209731,68,235486,77,226227,74,239735,78,0,0,0.000000000000000,null,null,null,N/A,2,"Dominican Republic, Haiti",2.000000000000000,0.000000000000000,386.583853039000019,0.000000000000000,0.000000000000000,0.000000000000000,178517.0000000,58
LKFN,Lake Fagnano,SA,3557,3139,1,2048,1,14055,4,15736,4,0,0,0.000000000000000,260,10,0,3,2,"Argentina, Chile",3.000000000000000,1.000000000000000,681.267959937999990,0.000000000000000,0.000000000000000,0.000000000000000,3164.3000488,1
LKNT,Lake Natron,AF,27280,982125,36,1288963,47,1204861,44,1376378,50,0,0,1.000000000000000,100,440,110,3,2,"Kenya, United Republic of Tanzania",2.000000000000000,0.000000000000000,387.824893954000004,0.000000000000000,0.000000000000000,0.000000000000000,1005200.0000000,37
LKPP,Lake Prespa,EU,7704,921008,120,683019,89,531116,69,478427,62,0,0,4.000000000000000,600,1070,440,4,3,"Albania, Greece, Republic of North Macedonia",6.000000000000000,1.000000000000000,337.439259988999993,0.000000000000000,0.000000000000000,6.000000000000000,450089.0000000,58
LKRW,Lake Rukwa,AF,79274,3306690,42,3933070,50,4183885,53,4976983,63,0,0,2.000000000000000,null,null,null,N/A,2,"United Republic of Tanzania, Zambia",0.000000000000000,0.000000000000000,5809.694321660000242,0.000000000000000,0.000000000000000,0.000000000000000,4168700.0000000,53
LKSG,Lake Sarygamesh,AS,72434,2685968,37,2696145,37,1827398,25,1931090,27,0,0,0.000000000000000,null,null,null,N/A,2,"Turkmenistan, Uzbekistan",2.000000000000000,0.000000000000000,4113.912652750000234,0.000000000000000,0.000000000000000,0.000000000000000,2940870.0000000,41
LKTC,Lake Titicaca-Poopo System,SA,112240,4165448,37,4475976,40,4069728,36,4332854,39,1,0,0.000000000000000,150,750,210,1,3,"Bolivia, Chile, Peru",6.000000000000000,2.000000000000000,10187.575514699999985,3.000000000000000,3.000000000000000,2.000000000000000,3427470.0000000,31
LKTK,Lake Turkana,AF,173144,17668301,102,20202883,117,20818526,120,23792841,137,1,4,7.000000000000000,370,740,220,5,5,"Ethiopia, Ilemi triangle, Kenya, South Sudan, Uganda",3.000000000000000,0.000000000000000,8463.364365839999664,0.000000000000000,0.000000000000000,9.000000000000000,18939000.0000000,109
LKUN,Lake Ubsa-Nur,AS,70328,111136,2,88517,1,68945,1,63028,1,0,0,0.000000000000000,20,140,60,3,2,"Mongolia, Russian Federation",2.000000000000000,0.000000000000000,4369.963775309999619,0.000000000000000,0.000000000000000,0.000000000000000,76572.3984375,1
LLUP,Lielupe,EU,17667,625465,35,611498,35,410322,23,394085,22,1,0,0.000000000000000,290,60,20,3,2,"Latvia, Lithuania",2.000000000000000,0.000000000000000,404.441357752999977,1.000000000000000,1.000000000000000,5.000000000000000,570386.0000000,32
LMEL,Lough Melvin,EU,290,8856,31,7419,26,4703,16,5191,18,0,0,0.000000000000000,870,10,0,3,2,"Ireland, U.K. of Great Britain and Northern Ireland",0.000000000000000,0.000000000000000,39.739964613100000,0.000000000000000,0.000000000000000,0.000000000000000,6900.8798828,24
LMPA,Lempa,NA,18216,6947506,381,6230539,342,5303687,291,5493004,302,3,0,1.000000000000000,590,250,50,3,3,"El Salvador, Guatemala, Honduras",2.000000000000000,1.000000000000000,285.532704118000026,2.000000000000000,2.000000000000000,3.000000000000000,4427880.0000000,243
LMPO,Limpopo,AF,406520,20180711,50,22980851,57,23051898,57,24631256,61,101,5,0.000000000000000,50,5840,2230,3,4,"Botswana, Mozambique, South Africa, Zimbabwe",8.000000000000000,4.000000000000000,960.511573581999983,9.000000000000000,26.000000000000000,445.000000000000000,21469400.0000000,53
LMRM,Lagoon Dos Patos-Lagoon Mirim,SA,168695,11099363,66,11096897,66,10083660,60,10158735,60,6,0,11.000000000000000,560,1540,550,1,2,"Brazil, Uruguay",4.000000000000000,1.000000000000000,9986.885949429999528,3.000000000000000,3.000000000000000,567.000000000000000,8684040.0000000,51
LOES,Loes,AS,2567,358045,139,486046,189,437163,170,428913,167,0,0,0.000000000000000,280,2110,60,3,2,"Indonesia, Timor-Leste",0.000000000000000,0.000000000000000,3.653348492740000,0.000000000000000,0.000000000000000,0.000000000000000,473654.0000000,185
LOFF,Loffa,AF,10446,394835,38,432453,41,421181,40,448614,43,0,0,2.000000000000000,1780,0,0,3,2,"Guinea, Liberia",0.000000000000000,0.000000000000000,40.432219273800001,0.000000000000000,0.000000000000000,0.000000000000000,266792.0000000,26
LPTA,La Plata,SA,2981517,143905576,48,149380892,50,136682214,46,141947990,48,80,26,202.000000000000000,340,32090,9080,3,5,"Argentina, Paraguay, Bolivia, Brazil, Uruguay",30.000000000000000,6.000000000000000,137434.705443999991985,151.000000000000000,291.000000000000000,2088.000000000000000,116893000.0000000,39
LSCR,Little Scarcies,AF,18559,1464503,79,1363006,73,1247712,67,1355777,73,0,0,11.000000000000000,1650,70,20,3,2,"Guinea, Sierra Leone",2.000000000000000,0.000000000000000,144.554219278000005,0.000000000000000,0.000000000000000,0.000000000000000,1105510.0000000,60
LUCI,Lucia,NA,2984,0,0,0,0,1,0,2,0,0,0,0.000000000000000,null,null,null,N/A,2,"Canada, United States of America",2.000000000000000,0.000000000000000,56.351724529899997,0.000000000000000,0.000000000000000,0.000000000000000,13.2209997,0
MANA,Mana-Morro,AF,7634,369923,48,331784,43,321832,42,358534,47,0,0,1.000000000000000,1470,10,0,2,3,"Guinea, Liberia, Sierra Leone",0.000000000000000,1.000000000000000,28.285227525600000,0.000000000000000,0.000000000000000,0.000000000000000,366307.0000000,48
MARO,Maro,AS,3319,29042,9,30742,9,17604,5,22839,7,0,0,0.000000000000000,1110,20,10,3,2,"Indonesia, Papua New Guinea",0.000000000000000,0.000000000000000,108.545217213000001,0.000000000000000,0.000000000000000,0.000000000000000,4389.2299805,1
MASS,Massacre,NA,777,206220,265,247113,318,221890,286,220556,284,0,0,0.000000000000000,30,240,90,2,2,"Dominican Republic, Haiti",3.000000000000000,0.000000000000000,9.597487606890001,0.000000000000000,0.000000000000000,0.000000000000000,221708.0000000,285
MAXX,Ma,AS,29487,3882383,132,4074315,138,3603142,122,3621894,123,0,2,2.000000000000000,760,2100,570,5,2,"Lao People's Democratic Republic, Viet Nam",0.000000000000000,0.000000000000000,70.755011763499994,7.000000000000000,7.000000000000000,13.000000000000000,2607430.0000000,88
MBEX,Mbe,AF,8184,48691,6,63106,8,195170,24,206698,25,1,0,2.000000000000000,2730,0,0,3,2,"Equatorial Guinea, Gabon",0.000000000000000,0.000000000000000,481.385110504000011,0.000000000000000,0.000000000000000,1.000000000000000,128258.0000000,16
MDJD,Medjerda,AF,23175,3041892,131,3247136,140,2507093,108,2578868,111,10,0,0.000000000000000,110,3070,1370,3,2,"Algeria, Tunisia",0.000000000000000,0.000000000000000,63.328365782500001,1.000000000000000,1.000000000000000,24.000000000000000,2486690.0000000,107
MEKO,Mekong,AS,781643,88020789,113,86637018,111,76765296,98,77700493,99,20,22,134.000000000000000,650,29560,10260,3,6,"Cambodia, China, Lao People's Democratic Republic, Myanmar, Thailand, Viet Nam",21.000000000000000,3.000000000000000,20774.475347200001124,163.000000000000000,790.000000000000000,425.000000000000000,63175100.0000000,81
MHRI,Muhuri (aka Little Feni),AS,3787,4922382,1300,5055904,1335,4521442,1194,4769726,1259,1,0,0.000000000000000,1320,3010,800,3,2,"Bangladesh, India",1.000000000000000,0.000000000000000,71.309285880299996,0.000000000000000,0.000000000000000,1.000000000000000,4172660.0000000,1102
MINO,Mino,EU,16679,865858,52,856940,51,789485,47,735178,44,17,0,0.000000000000000,750,1830,370,1,2,"Portugal, Spain",8.000000000000000,1.000000000000000,89.411392467799999,10.000000000000000,10.000000000000000,33.000000000000000,754606.0000000,45
MIRA,Mira,SA,10467,822478,79,833455,80,850680,81,886888,85,0,0,1.000000000000000,1030,160,40,5,2,"Colombia, Ecuador",0.000000000000000,0.000000000000000,78.438803303699999,0.000000000000000,0.000000000000000,0.000000000000000,632693.0000000,60
MISS,Mississippi,NA,3264759,90802197,28,94032286,29,85032579,26,86813863,27,710,0,0.000000000000000,220,208010,63360,1,2,"Canada, United States of America",5.000000000000000,1.000000000000000,124345.479839999999967,1.000000000000000,1.000000000000000,1947.000000000000000,84179296.0000000,26
MIUS,Mius,EU,7088,1046350,148,1034655,146,888905,125,842310,119,0,0,0.000000000000000,170,1550,230,3,2,"Ukraine, Russian Federation",2.000000000000000,0.000000000000000,124.981365529000001,1.000000000000000,1.000000000000000,9.000000000000000,772761.0000000,109
MOAX,Moa,AF,19560,2598910,133,2616338,134,2223263,114,2367477,121,0,0,1.000000000000000,1680,50,10,3,3,"Guinea, Liberia, Sierra Leone",1.000000000000000,0.000000000000000,88.962171719599993,0.000000000000000,0.000000000000000,0.000000000000000,1823710.0000000,93
MOHO,Moho,NA,1189,12654,11,15591,13,26953,23,30272,25,0,0,0.000000000000000,1870,0,0,3,2,"Belize, Guatemala",0.000000000000000,0.000000000000000,11.609181219000000,0.000000000000000,0.000000000000000,0.000000000000000,18115.8007812,15
MONO,Mono,AF,23988,3109651,130,3648116,152,3429185,143,3770094,157,1,1,2.000000000000000,330,70,10,5,2,"Benin, Togo",0.000000000000000,0.000000000000000,171.728546628000004,0.000000000000000,0.000000000000000,1.000000000000000,3197850.0000000,133
MOTQ,Motaqua,NA,16271,4595546,282,5083290,312,5404048,332,5802231,357,0,0,0.000000000000000,840,430,80,3,2,"Guatemala, Honduras",0.000000000000000,0.000000000000000,67.755502893699997,0.000000000000000,0.000000000000000,0.000000000000000,4226390.0000000,260
MPUT,Maputo,AF,30582,1901387,62,2201079,72,1941511,63,1998676,65,10,0,2.000000000000000,120,450,150,1,3,"Eswatini, Mozambique, South Africa",5.000000000000000,1.000000000000000,433.396104508999997,4.000000000000000,8.000000000000000,22.000000000000000,1585480.0000000,52
MRGB,Murgab,AS,93335,2547548,27,2721567,29,2208271,24,2522760,27,1,0,0.000000000000000,90,7030,3340,3,2,"Afghanistan, Turkmenistan",2.000000000000000,0.000000000000000,132.400955686000003,2.000000000000000,2.000000000000000,4.000000000000000,2995600.0000000,32
MRNI,Maroni,SA,66277,79647,1,157088,2,96129,1,115979,2,0,0,0.000000000000000,870,10,0,2,2,"French Guiana, Suriname",1.000000000000000,0.000000000000000,640.927466365999976,0.000000000000000,0.000000000000000,0.000000000000000,123929.0000000,2
MRSA,Maritsa,EU,52483,3843291,73,3857416,73,3464542,66,3467537,66,26,4,4.000000000000000,230,6400,2150,4,3,"Bulgaria, Greece, Turkey",2.000000000000000,0.000000000000000,468.460410235999973,14.000000000000000,14.000000000000000,51.000000000000000,3690210.0000000,70
MTJE,Mataje,SA,1008,23766,24,40264,40,60702,60,64961,64,0,0,0.000000000000000,910,10,0,3,2,"Colombia, Ecuador",0.000000000000000,0.000000000000000,337.687781764000022,0.000000000000000,0.000000000000000,0.000000000000000,39345.6015625,39
NAAF,Naaf River,AS,1610,748486,465,928142,576,493509,307,540377,336,0,0,0.000000000000000,null,null,null,N/A,2,"Bangladesh, Myanmar",0.000000000000000,0.000000000000000,107.827091199999998,0.000000000000000,0.000000000000000,0.000000000000000,551721.0000000,343
NAAT,Naatamo,EU,719,2520,4,1750,2,689,1,702,1,0,0,0.000000000000000,0,0,0,1,2,"Finland, Norway",2.000000000000000,1.000000000000000,84.635384094800003,0.000000000000000,0.000000000000000,0.000000000000000,6457.3300781,9
NDLV,Nidelva,EU,3104,60394,19,65748,21,36508,12,39156,13,2,0,0.000000000000000,null,null,null,N/A,2,"Norway, Sweden",1.000000000000000,0.000000000000000,519.087510153000039,0.000000000000000,0.000000000000000,5.000000000000000,114744.0000000,37
NEGR,Negro,NA,6160,457802,74,474855,77,525572,85,523767,85,0,0,0.000000000000000,910,120,40,3,2,"Honduras, Nicaragua",0.000000000000000,0.000000000000000,614.036939907000033,0.000000000000000,0.000000000000000,0.000000000000000,308327.0000000,50
NELS,Nelson-Saskatchewan,NA,1088785,5635879,5,5989351,6,5712974,5,6081943,6,90,0,3.000000000000000,90,11240,3810,1,2,"Canada, United States of America",7.000000000000000,1.000000000000000,178092.199122999998508,27.000000000000000,27.000000000000000,162.000000000000000,7745220.0000000,7
NGER,Niger,AF,2132247,135764312,64,169721071,80,167275731,78,192957770,90,56,7,39.000000000000000,160,8330,2730,3,11,"Algeria, Benin, Burkina Faso, Cameroon, Chad, Cote d'Ivoire, Guinea, Mali, Mauritania, Niger, Nigeria",18.000000000000000,3.000000000000000,13513.951669199999742,12.000000000000000,98.000000000000000,104.000000000000000,153360000.0000000,72
NHRK,Nahr El Kebir,AS,1598,663781,415,820409,513,578954,362,634365,397,0,0,0.000000000000000,0,0,0,3,2,"Syrian Arab Republic, Turkey",3.000000000000000,0.000000000000000,11.376339051100000,6.000000000000000,6.000000000000000,5.000000000000000,582429.0000000,364
NILE,Nile,AF,2961325,298258732,101,332308346,112,326068730,110,366651792,124,11,16,47.000000000000000,130,78400,43870,3,14,"Abyei, Burundi, Democratic Republic of the Congo, Egypt, Eritrea, Ethiopia, Hala'ib triangle, Kenya, Ma'tan al-Sarra, Rwanda, South Sudan, Sudan, Uganda, United Republic of Tanzania",31.000000000000000,5.000000000000000,125808.331535000004806,235.000000000000000,473.000000000000000,62.000000000000000,290823008.0000000,98
NMAN,Neman,EU,92929,4052610,44,3925004,42,3244712,35,3140453,34,2,0,1.000000000000000,220,880,220,2,5,"Belarus, Latvia, Lithuania, Poland, Russian Federation",14.000000000000000,0.000000000000000,1983.681993720000037,6.000000000000000,11.000000000000000,16.000000000000000,3925320.0000000,42
NRTV,Neretva,EU,6808,530633,78,388001,57,346479,51,344533,51,4,4,4.000000000000000,1050,420,30,5,2,"Bosnia and Herzegovina, Croatia",0.000000000000000,0.000000000000000,84.196355091399994,4.000000000000000,4.000000000000000,6.000000000000000,320998.0000000,47
NRVA,Narva,EU,56519,828075,15,781945,14,603738,11,558705,10,0,0,0.000000000000000,260,1360,50,2,4,"Belarus, Estonia, Latvia, Russian Federation",7.000000000000000,1.000000000000000,7133.956320199999936,4.000000000000000,5.000000000000000,3.000000000000000,790265.0000000,14
NSTO,Nestos,EU,5950,156396,26,152576,26,164703,28,159110,27,3,0,0.000000000000000,300,280,150,3,2,"Bulgaria, Greece",3.000000000000000,0.000000000000000,52.990800712700000,7.000000000000000,7.000000000000000,4.000000000000000,147363.0000000,25
NYGA,Nyanga,AF,24963,119950,5,143387,6,119865,5,111824,4,0,0,0.000000000000000,1290,10,0,3,2,"Congo, Gabon",0.000000000000000,0.000000000000000,145.307624406999992,0.000000000000000,0.000000000000000,0.000000000000000,50410.8984375,2
NYNK,Narynka,EU,91995,259499,3,243596,3,265920,3,257324,3,0,0,0.000000000000000,null,null,null,N/A,2,"Kazakhstan, Russian Federation",2.000000000000000,0.000000000000000,495.939705947999983,0.000000000000000,0.000000000000000,13.000000000000000,214623.0000000,2
OBXX,Ob,AS,3047571,24952424,8,24997536,8,21537443,7,21325243,7,6,2,2.000000000000000,160,22100,6010,4,4,"China, Kazakhstan, Mongolia, Russian Federation",29.000000000000000,2.000000000000000,463935.533508999971673,15.000000000000000,20.000000000000000,93.000000000000000,28569200.0000000,9
ODBN,Oued Bon Naima,AF,369,71535,194,68638,186,60715,165,62219,169,0,0,0.000000000000000,0,0,0,3,2,"Algeria, Morocco",0.000000000000000,0.000000000000000,0.036847077072700,0.000000000000000,0.000000000000000,0.000000000000000,60739.0000000,165
ODER,Oder/Odra,EU,119252,15339082,129,15037045,126,13254191,111,13148709,110,15,0,0.000000000000000,180,4720,630,1,3,"Czech Republic, Germany, Poland",10.000000000000000,1.000000000000000,1858.575191330000052,16.000000000000000,21.000000000000000,62.000000000000000,16068600.0000000,135
OGOO,Ogooue,AF,214936,874779,4,1003387,5,1370907,6,1588562,7,0,1,3.000000000000000,1450,70,10,5,4,"Cameroon, Congo, Equatorial Guinea, Gabon",0.000000000000000,0.000000000000000,2111.526455530000021,0.000000000000000,0.000000000000000,2.000000000000000,1032650.0000000,5
OKVG,Okavango,AF,690181,2170692,3,2422923,4,2612069,4,2511976,4,5,2,2.000000000000000,50,240,60,2,4,"Angola, Botswana, Namibia, Zimbabwe",5.000000000000000,2.000000000000000,17630.079066499998589,5.000000000000000,14.000000000000000,12.000000000000000,1820720.0000000,3
OLNG,Olanga,EU,41766,61730,1,57610,1,35053,1,32774,1,0,0,0.000000000000000,300,10,0,2,2,"Finland, Russian Federation",2.000000000000000,1.000000000000000,11051.208282800000234,0.000000000000000,0.000000000000000,2.000000000000000,66774.7031250,2
ORAL,Oral/Ural,EU,211721,3438645,16,3645419,17,2893674,14,2905141,14,1,0,0.000000000000000,50,3870,860,3,2,"Kazakhstan, Russian Federation",4.000000000000000,0.000000000000000,1586.047937459999957,3.000000000000000,3.000000000000000,26.000000000000000,3808500.0000000,18
ORAN,Orange,AF,965595,18265254,19,19833448,21,19695735,20,20698154,21,95,3,6.000000000000000,30,5640,2190,3,4,"Botswana, Lesotho, Namibia, South Africa",9.000000000000000,4.000000000000000,1805.233167410000078,20.000000000000000,27.000000000000000,603.000000000000000,18060600.0000000,19
ORIN,Orinoco,SA,973800,14041936,14,15102530,16,17202874,18,15212428,16,17,1,4.000000000000000,1180,7150,1560,4,3,"Colombia, Guyana, Venezuela",0.000000000000000,0.000000000000000,60722.725511299999198,3.000000000000000,4.000000000000000,64.000000000000000,11082600.0000000,11
OUEM,Oueme,AF,59873,13465074,225,16963332,283,17113929,286,19518457,326,1,0,2.000000000000000,340,470,60,3,3,"Benin, Nigeria, Togo",1.000000000000000,0.000000000000000,544.483770039999968,0.000000000000000,0.000000000000000,4.000000000000000,14555400.0000000,243
OULU,Oulu,EU,25972,104481,4,102896,4,101590,4,102938,4,1,0,0.000000000000000,350,90,20,2,2,"Finland, Russian Federation",1.000000000000000,1.000000000000000,5019.622430989999884,0.000000000000000,0.000000000000000,15.000000000000000,164991.0000000,6
OYPK,Oiapoque/Oyupock,SA,25994,22416,1,38464,1,37984,1,46719,2,0,0,0.000000000000000,1390,0,0,3,2,"Brazil, French Guiana",0.000000000000000,0.000000000000000,425.788359064000019,1.000000000000000,1.000000000000000,0.000000000000000,30764.3007812,1
PANG,Pangani,AF,40317,4465392,111,5467748,136,5379708,133,6042045,150,1,0,1.000000000000000,140,550,250,3,2,"Kenya, United Republic of Tanzania",2.000000000000000,0.000000000000000,494.940914964999990,0.000000000000000,0.000000000000000,5.000000000000000,4678490.0000000,116
PAZX,Paz,NA,2177,816590,375,836618,384,799676,367,842135,387,0,0,0.000000000000000,860,140,30,2,2,"El Salvador, Guatemala",1.000000000000000,1.000000000000000,3.873646974810000,0.000000000000000,0.000000000000000,0.000000000000000,608213.0000000,279
PCHA,Peschanaya,EU,1335,4082,3,4440,3,12451,9,12266,9,0,0,0.000000000000000,null,null,null,N/A,2,"Finland, Russian Federation",0.000000000000000,0.000000000000000,156.541279032000006,0.000000000000000,0.000000000000000,0.000000000000000,8397.3798828,6
PDNL,Pedernales,NA,320,55454,173,60361,189,55378,173,58932,184,0,0,0.000000000000000,0,0,0,2,2,"Dominican Republic, Haiti",3.000000000000000,0.000000000000000,0.005487862542740,0.000000000000000,0.000000000000000,0.000000000000000,69523.8984375,217
PKCN,Pakchan,AS,3226,219779,68,298647,93,294431,91,330061,102,0,0,0.000000000000000,2030,120,40,3,2,"Myanmar, Thailand",0.000000000000000,0.000000000000000,185.764147071999986,1.000000000000000,5.000000000000000,0.000000000000000,305269.0000000,95
PLDV,Poldnevaya,EU,2569,20101,8,23436,9,17400,7,17482,7,0,0,0.000000000000000,null,null,null,N/A,2,"Kazakhstan, Russian Federation",3.000000000000000,0.000000000000000,496.613145079999981,0.000000000000000,0.000000000000000,0.000000000000000,17807.9003906,7
PLNA,Palena,SA,13230,15432,1,13746,1,12039,1,12376,1,0,0,7.000000000000000,2280,0,0,3,2,"Argentina, Chile",3.000000000000000,0.000000000000000,419.543171491000010,0.000000000000000,0.000000000000000,0.000000000000000,10844.7998047,1
PNDR,Pandaruan,AS,1197,16842,14,19235,16,27444,23,27874,23,0,0,0.000000000000000,1980,300,10,3,2,"Brunei Darussalam, Malaysia",0.000000000000000,0.000000000000000,34.142344819500003,0.000000000000000,0.000000000000000,0.000000000000000,19637.3007812,16
POXX,Po,EU,74117,17624658,238,18919311,255,16740229,226,16916027,228,33,0,0.000000000000000,680,18570,5550,1,3,"France, Italy, Switzerland",8.000000000000000,1.000000000000000,1296.208045220000031,0.000000000000000,0.000000000000000,117.000000000000000,17802000.0000000,240
PRLN,Prohladnaja,EU,1791,51590,29,48075,27,60495,34,59891,33,0,0,0.000000000000000,350,30,10,3,2,"Poland, Russian Federation",1.000000000000000,0.000000000000000,31.347454824500002,0.000000000000000,0.000000000000000,0.000000000000000,59276.3984375,33
PRNU,Parnu,EU,6923,84968,12,83406,12,76483,11,68033,10,0,0,0.000000000000000,410,100,0,3,2,"Estonia, Latvia",0.000000000000000,0.000000000000000,532.554724833000023,1.000000000000000,1.000000000000000,0.000000000000000,103144.0000000,15
PSCU,Pascua,SA,14107,359,0,53,0,4088,0,6267,0,0,0,0.000000000000000,320,0,0,3,2,"Argentina, Chile",3.000000000000000,0.000000000000000,1406.347878499999979,0.000000000000000,0.000000000000000,0.000000000000000,1108.8399658,0
PSOU,Psou,EU,423,5971,14,12160,29,30433,72,30635,72,0,0,0.000000000000000,1360,30,10,3,2,"Georgia, Russian Federation",1.000000000000000,0.000000000000000,0.199131012265000,0.000000000000000,0.000000000000000,0.000000000000000,21443.0000000,51
PSVK,Pasvik,EU,17961,10398,1,8183,0,8886,0,8562,0,2,0,0.000000000000000,370,0,0,1,3,"Finland, Norway, Russian Federation",11.000000000000000,1.000000000000000,3503.017122159999872,2.000000000000000,4.000000000000000,8.000000000000000,26985.5996094,2
PTIA,Patia,SA,22303,2384154,107,2424476,109,1811213,81,1883447,84,0,0,0.000000000000000,1130,380,60,3,2,"Colombia, Ecuador",0.000000000000000,0.000000000000000,528.282815833999962,0.000000000000000,0.000000000000000,0.000000000000000,1753340.0000000,79
PUEL,Puelo,SA,9163,18418,2,19900,2,119692,13,130907,14,0,0,0.000000000000000,1040,70,20,3,2,"Argentina, Chile",3.000000000000000,0.000000000000000,250.107767424999992,0.000000000000000,0.000000000000000,0.000000000000000,43508.3984375,5
PULT,Pu Lun T'o,AS,48675,141402,3,151014,3,193795,4,197835,4,0,0,0.000000000000000,30,1480,560,1,2,"China, Mongolia",4.000000000000000,0.000000000000000,1434.972569519999979,5.000000000000000,5.000000000000000,1.000000000000000,207756.0000000,4
PUNG,Pungwe,AF,32137,2074305,65,2285355,71,1850137,58,2185393,68,1,0,1.000000000000000,660,70,30,3,2,"Mozambique, Zimbabwe",5.000000000000000,1.000000000000000,841.816162606000034,1.000000000000000,1.000000000000000,2.000000000000000,2209780.0000000,69
RAKU,Rann of Kutch,AS,402772,85516696,212,93672601,233,89009955,221,95483898,237,1,0,0.000000000000000,null,null,null,N/A,2,"India, Pakistan",0.000000000000000,0.000000000000000,10627.470032400000491,0.000000000000000,0.000000000000000,66.000000000000000,82123800.0000000,204
REDX,Red/Song Hong,AS,141303,26180684,185,27318930,193,24685972,175,25047013,177,2,14,40.000000000000000,770,13600,3410,5,3,"China, Lao People's Democratic Republic, Viet Nam",4.000000000000000,0.000000000000000,1031.722077939999963,7.000000000000000,10.000000000000000,121.000000000000000,19355200.0000000,137
REZV,Rezvaya,EU,771,4281,6,7360,10,17173,22,16837,22,1,0,0.000000000000000,0,0,0,2,2,"Bulgaria, Turkey",3.000000000000000,0.000000000000000,2.039916905170000,2.000000000000000,2.000000000000000,1.000000000000000,2405.7900391,3
RGNA,Rio Grande (North America),NA,538402,17287866,32,18818287,35,19029736,35,24162049,45,35,0,0.000000000000000,20,18860,8710,1,2,"Mexico, United States of America",28.000000000000000,1.000000000000000,2226.466600570000082,31.000000000000000,31.000000000000000,147.000000000000000,15372400.0000000,29
RGSA,Rio Grande (South America),SA,8632,35460,4,44159,5,22910,3,25825,3,0,0,0.000000000000000,130,30,10,3,2,"Argentina, Chile",3.000000000000000,1.000000000000000,271.944756462999976,0.000000000000000,0.000000000000000,0.000000000000000,68639.7031250,8
RGTH,Rach Giang Thanh,AS,2213,838396,379,718566,325,515646,233,475172,215,0,0,0.000000000000000,null,null,null,N/A,2,"Cambodia, Viet Nam",0.000000000000000,0.000000000000000,108.244168754000000,0.000000000000000,0.000000000000000,0.000000000000000,383042.0000000,173
RHIN,Rhine-Meuse,EU,198295,58039191,293,58038486,293,52317104,264,52676211,266,52,0,2.000000000000000,460,28830,2750,1,9,"Austria, Belgium, France, Germany, Luxembourg, Italy, Liechtenstein, Netherlands, Switzerland",59.000000000000000,9.000000000000000,2786.362640570000167,19.000000000000000,52.000000000000000,327.000000000000000,61870000.0000000,312
RHON,Rhone,EU,96707,10663156,110,11201070,116,10331309,107,10693206,111,38,0,1.000000000000000,540,8210,1650,3,2,"France, Switzerland",14.000000000000000,4.000000000000000,1211.082673399999976,2.000000000000000,2.000000000000000,186.000000000000000,11175000.0000000,116
ROIA,Roia,EU,696,12653,18,17359,25,26971,39,26873,39,0,0,0.000000000000000,650,170,20,2,2,"France, Italy",2.000000000000000,0.000000000000000,0.906281299915000,2.000000000000000,2.000000000000000,0.000000000000000,15159.5000000,22
RVMA,Ruvuma,AF,155157,3835885,25,4650934,30,4317466,28,4825900,31,0,0,0.000000000000000,360,120,20,2,3,"Malawi, Mozambique, United Republic of Tanzania",2.000000000000000,1.000000000000000,1177.046165929999916,2.000000000000000,4.000000000000000,1.000000000000000,3840750.0000000,25
SABI,Sabi,AF,102395,4403910,43,4634746,45,4871754,48,5441760,53,21,1,1.000000000000000,130,780,360,5,2,"Mozambique, Zimbabwe",5.000000000000000,1.000000000000000,420.178979565000020,1.000000000000000,1.000000000000000,170.000000000000000,4345870.0000000,42
SACL,Santa Clara,NA,4604,90702,20,100145,22,148735,32,157891,34,0,0,0.000000000000000,null,null,null,N/A,2,"Mexico, United States of America",2.000000000000000,0.000000000000000,87.075130985300007,0.000000000000000,0.000000000000000,0.000000000000000,162689.0000000,35
SAIG,Nha Be-Saigon-Song Vam Co Dong,AS,46008,23263503,506,28678288,623,28377683,617,32189145,700,4,1,2.000000000000000,1160,8960,2370,5,2,"Cambodia, Viet Nam",0.000000000000000,0.000000000000000,1795.268777000000000,2.000000000000000,4.000000000000000,80.000000000000000,24540800.0000000,533
SALC,Salaca,EU,3585,33902,9,32547,9,25209,7,24460,7,0,0,0.000000000000000,380,10,0,3,2,"Estonia, Latvia",0.000000000000000,0.000000000000000,239.259047157999987,1.000000000000000,1.000000000000000,0.000000000000000,30834.3007812,9
SALW,Salween,AS,265357,10442422,39,11387419,43,11415830,43,12138080,46,4,31,54.000000000000000,660,2590,890,5,3,"China, Myanmar, Thailand",1.000000000000000,0.000000000000000,1225.329164559999981,50.000000000000000,66.000000000000000,32.000000000000000,9298320.0000000,35
SAMR,Samur,EU,6879,226553,33,243052,35,288758,42,310126,45,0,0,0.000000000000000,290,210,90,3,2,"Azerbaijan, Russian Federation",2.000000000000000,0.000000000000000,0.685198837479000,1.000000000000000,1.000000000000000,0.000000000000000,290009.0000000,42
SANA,Sanaga,AF,133009,6491252,49,6457447,49,5907529,44,6350625,48,4,3,10.000000000000000,650,230,50,5,2,"Cameroon, Central African Republic",0.000000000000000,0.000000000000000,1052.056176620000087,0.000000000000000,0.000000000000000,6.000000000000000,4605120.0000000,35
SASS,Sassandra,AF,68124,5183267,76,6191135,91,6080713,89,6918273,102,1,0,6.000000000000000,450,140,30,3,2,"Cote d'Ivoire, Guinea",0.000000000000000,0.000000000000000,573.839130761999968,0.000000000000000,0.000000000000000,2.000000000000000,5549110.0000000,81
SBKU,Sebuku,AS,3070,6322,2,13720,4,46022,15,58190,19,0,0,0.000000000000000,1060,0,0,3,2,"Indonesia, Malaysia",0.000000000000000,0.000000000000000,188.904772406999996,0.000000000000000,0.000000000000000,0.000000000000000,20087.6992188,7
SCRO,St. Croix,NA,4262,24647,6,23984,6,20983,5,20454,5,6,0,0.000000000000000,610,20,10,1,2,"Canada, United States of America",4.000000000000000,2.000000000000000,472.723695451000026,1.000000000000000,1.000000000000000,8.000000000000000,23062.8007812,5
SEIN,Seine,EU,73632,16186639,220,16490858,224,14797341,201,15018425,204,10,0,0.000000000000000,280,8350,1560,3,2,"Belgium, France",1.000000000000000,0.000000000000000,393.257877871999995,1.000000000000000,1.000000000000000,104.000000000000000,16663600.0000000,226
SENG,Senegal,AF,448379,9801016,22,10804930,24,10746100,24,11981321,27,3,2,13.000000000000000,90,3000,1190,3,4,"Guinea, Mali, Mauritania, Senegal",12.000000000000000,1.000000000000000,1875.299844419999999,21.000000000000000,60.000000000000000,4.000000000000000,9758730.0000000,22
SENO,Seno Union/Serrano,SA,8648,8113,1,1172,0,7193,1,8050,1,0,0,0.000000000000000,460,40,0,3,2,"Argentina, Chile",3.000000000000000,0.000000000000000,537.008517277000010,0.000000000000000,0.000000000000000,0.000000000000000,3847.6999512,0
SEPK,Sepik,AS,79778,1083279,14,1238159,16,1409717,18,1554302,19,0,0,0.000000000000000,1810,40,10,3,2,"Indonesia, Papua New Guinea",1.000000000000000,0.000000000000000,1921.078025790000083,1.000000000000000,1.000000000000000,0.000000000000000,1317680.0000000,17
SGTY,Song Tien Yen,AS,1159,65574,57,72487,63,92375,80,96297,83,0,0,0.000000000000000,null,null,null,N/A,2,"China, Viet Nam",2.000000000000000,0.000000000000000,17.435723278600001,0.000000000000000,0.000000000000000,0.000000000000000,80311.2031250,69
SHLD,Schelde,EU,19740,9705552,492,9678031,490,8943944,453,9122270,462,0,0,0.000000000000000,390,8450,1500,2,3,"Belgium, France, Netherlands",6.000000000000000,1.000000000000000,229.217042684999996,5.000000000000000,6.000000000000000,16.000000000000000,10743600.0000000,544
SHUR,Shu/Chu,AS,75489,2235540,30,2278981,30,2243461,30,2398671,32,2,0,0.000000000000000,60,4540,2490,2,2,"Kazakhstan, Kyrgyzstan",6.000000000000000,0.000000000000000,949.512329086000022,3.000000000000000,4.000000000000000,14.000000000000000,2643220.0000000,35
SIOL,Sixaola,NA,2857,53681,19,59789,21,51966,18,56701,20,0,0,0.000000000000000,1620,50,10,2,2,"Costa Rica, Panama",1.000000000000000,1.000000000000000,24.344158239599999,0.000000000000000,0.000000000000000,0.000000000000000,52825.3007812,18
SJAF,St. John (Africa),AF,16318,995285,61,1241071,76,1250849,77,1346426,83,0,0,1.000000000000000,1690,10,0,3,2,"Guinea, Liberia",0.000000000000000,1.000000000000000,39.926551939500001,0.000000000000000,0.000000000000000,0.000000000000000,991268.0000000,61
SJNA,St. John (North America),NA,55056,445757,8,452648,8,403666,7,408018,7,5,0,0.000000000000000,640,580,40,1,2,"Canada, United States of America",5.000000000000000,0.000000000000000,1838.097624239999959,0.000000000000000,0.000000000000000,18.000000000000000,441481.0000000,8
SJUA,San Juan,NA,41360,4192581,101,4299201,104,4012652,97,4168924,101,1,0,8.000000000000000,1210,1110,230,5,2,"Costa Rica, Nicaragua",1.000000000000000,0.000000000000000,9434.510633050000251,6.000000000000000,6.000000000000000,9.000000000000000,3410720.0000000,82
SKAG,Skagit,NA,8207,77803,9,79867,10,78278,10,81835,10,4,0,0.000000000000000,1280,310,60,1,2,"Canada, United States of America",5.000000000000000,0.000000000000000,119.714585447999994,1.000000000000000,1.000000000000000,6.000000000000000,96968.2031250,12
SLAW,St. Lawrence,NA,810629,50950808,63,51880333,64,46352728,57,46736335,58,171,0,2.000000000000000,490,55580,3610,1,2,"Canada, United States of America",30.000000000000000,3.000000000000000,75030.385172099995543,46.000000000000000,48.000000000000000,428.000000000000000,48777900.0000000,60
SMAR,San Martin,SA,360,96,0,24,0,600,2,646,2,0,0,0.000000000000000,30,20,10,3,2,"Argentina, Chile",3.000000000000000,1.000000000000000,5.135071379280000,0.000000000000000,0.000000000000000,0.000000000000000,94.0879974,0
SMBK,Sembakung,AS,10253,49021,5,68832,7,131805,13,159892,16,0,0,0.000000000000000,1330,70,20,3,2,"Indonesia, Malaysia",0.000000000000000,0.000000000000000,217.055155310000004,0.000000000000000,0.000000000000000,0.000000000000000,54534.3984375,5
SPAU,St. Paul,AF,20317,1350052,66,1526310,75,1666098,82,1866621,92,1,0,6.000000000000000,1750,30,10,3,2,"Guinea, Liberia",0.000000000000000,0.000000000000000,63.249183765799998,0.000000000000000,0.000000000000000,1.000000000000000,1218050.0000000,60
SRTA,Sarata,EU,1237,62113,50,54481,44,49039,40,47523,38,0,0,0.000000000000000,110,210,120,3,2,"Moldova, Republic of, Ukraine",2.000000000000000,0.000000000000000,6.457646252080000,2.000000000000000,2.000000000000000,0.000000000000000,43358.6992188,35
SRTU,Sarstun,NA,2165,60937,28,66794,31,130384,60,147148,68,0,0,0.000000000000000,0,0,0,3,2,"Belize, Guatemala",0.000000000000000,0.000000000000000,64.175848555200005,0.000000000000000,0.000000000000000,0.000000000000000,62990.1015625,29
STKN,Stikine,NA,50877,282,0,677,0,247,0,236,0,0,0,1.000000000000000,870,0,0,1,2,"Canada, United States of America",2.000000000000000,2.000000000000000,1053.544955329999993,0.000000000000000,0.000000000000000,2.000000000000000,786.1010132,0
STUM,Struma,EU,16828,1101457,65,1042546,62,898984,53,872656,52,4,1,1.000000000000000,220,1490,700,4,4,"Bulgaria, Greece, Republic of North Macedonia, Serbia",4.000000000000000,1.000000000000000,119.898820834000006,1.000000000000000,1.000000000000000,12.000000000000000,833985.0000000,50
SUCT,Suchiate,NA,1409,566570,402,598867,425,627151,445,693566,492,0,0,0.000000000000000,1470,270,60,2,2,"Guatemala, Mexico",2.000000000000000,1.000000000000000,8.457580158720001,0.000000000000000,0.000000000000000,0.000000000000000,530441.0000000,376
SUJF,Suifen He,AS,16820,674727,40,699074,42,549250,33,540864,32,0,0,0.000000000000000,150,190,50,3,2,"China, Russian Federation",5.000000000000000,0.000000000000000,71.953717738899996,2.000000000000000,2.000000000000000,4.000000000000000,589781.0000000,35
SULK,Sulak,EU,14151,510738,36,557171,39,614224,43,663211,47,2,0,0.000000000000000,230,360,150,3,2,"Georgia, Russian Federation",1.000000000000000,0.000000000000000,69.116492804299995,1.000000000000000,3.000000000000000,8.000000000000000,661158.0000000,47
TAFN,Tafna,AF,7264,1580789,218,1625432,224,1602319,221,1674086,230,3,0,0.000000000000000,40,1140,560,3,2,"Algeria, Morocco",0.000000000000000,0.000000000000000,16.111580445100000,0.000000000000000,0.000000000000000,5.000000000000000,1642930.0000000,226
TAGU,Tagus/Tejo,EU,71190,8457347,119,9945516,140,8889739,125,9012447,127,48,0,1.000000000000000,270,7970,3140,1,2,"Portugal, Spain",6.000000000000000,1.000000000000000,453.616526038000018,11.000000000000000,11.000000000000000,121.000000000000000,10003100.0000000,141
TAKU,Taku,NA,17496,16,0,137,0,7,0,7,0,0,0,0.000000000000000,670,0,0,1,2,"Canada, United States of America",2.000000000000000,2.000000000000000,375.350198413999976,3.000000000000000,3.000000000000000,0.000000000000000,0.0000000,0
TALA,Talas,AS,45425,959373,21,1075741,24,798513,18,824846,18,2,0,0.000000000000000,130,3360,1980,2,2,"Kazakhstan, Kyrgyzstan",5.000000000000000,0.000000000000000,274.629889207000019,3.000000000000000,4.000000000000000,4.000000000000000,1027550.0000000,23
TAMI,Tami,AS,78702,657836,8,802552,10,1746538,22,2638341,34,0,0,0.000000000000000,1800,50,10,3,2,"Indonesia, Papua New Guinea",0.000000000000000,0.000000000000000,1757.496603099999902,0.000000000000000,0.000000000000000,0.000000000000000,1632900.0000000,21
TANA,Tana,EU,16887,4415,0,3593,0,3481,0,3409,0,0,0,0.000000000000000,340,0,0,2,2,"Finland, Norway",3.000000000000000,1.000000000000000,1532.037962269999980,0.000000000000000,0.000000000000000,0.000000000000000,7083.9101562,0
TANO,Tano,AF,16773,2091920,125,2262164,135,2102288,125,2222978,133,0,0,3.000000000000000,400,150,20,3,2,"Cote d'Ivoire, Ghana",0.000000000000000,0.000000000000000,106.084302852999997,0.000000000000000,0.000000000000000,0.000000000000000,1942820.0000000,116
TEMA,Temash,NA,472,2035,4,2578,5,4887,10,5375,11,0,0,0.000000000000000,1530,90,10,3,2,"Belize, Guatemala",0.000000000000000,0.000000000000000,44.860140365399999,0.000000000000000,0.000000000000000,0.000000000000000,1530.8000488,3
TERK,Terek,EU,43009,3693914,86,3936337,92,3663190,85,3773558,88,0,0,0.000000000000000,360,3060,1280,3,2,"Georgia, Russian Federation",1.000000000000000,0.000000000000000,231.333005686000007,1.000000000000000,1.000000000000000,7.000000000000000,3948050.0000000,92
TIGR,Tigris-Euphrates/Shatt al Arab,AS,868989,68486190,79,80159718,92,74441798,86,82804133,95,33,0,50.000000000000000,170,111710,60930,3,6,"Iran  (Islamic Republic of), Iraq, Jordan, Saudi Arabia, Syrian Arab Republic, Turkey",18.000000000000000,1.000000000000000,12543.388683400000446,361.000000000000000,549.000000000000000,165.000000000000000,79185600.0000000,91
TIJU,Tijuana,NA,4430,1730517,391,2080620,470,2029550,458,2096910,473,4,0,1.000000000000000,90,1420,340,1,2,"Mexico, United States of America",11.000000000000000,1.000000000000000,12.904316779100000,12.000000000000000,14.000000000000000,5.000000000000000,1710430.0000000,386
TJWA,Tjeroaka-Wanggoe,AS,8049,198496,25,259180,32,51511,6,68936,9,0,0,0.000000000000000,960,10,0,3,2,"Indonesia, Papua New Guinea",0.000000000000000,0.000000000000000,87.718778863500006,0.000000000000000,0.000000000000000,0.000000000000000,146934.0000000,18
TORN,Torne/Tornealven/Tornionjoki,EU,40838,44472,1,34122,1,30619,1,29583,1,1,0,0.000000000000000,420,10,0,1,3,"Finland, Norway, Sweden",6.000000000000000,1.000000000000000,7853.047412760000043,0.000000000000000,0.000000000000000,3.000000000000000,53946.8007812,1
TRIM,Tarim,AS,1097858,10738335,10,12210217,11,11992760,11,12684076,12,0,4,10.000000000000000,10,51130,17700,5,6,"Aksai Chin, China, Jammu and Kashmir, Kazakhstan, Kyrgyzstan, Tajikistan",14.000000000000000,0.000000000000000,9680.808255910000298,6.000000000000000,10.000000000000000,38.000000000000000,12088700.0000000,11
TULM,Tuloma,EU,27005,123714,5,131850,5,110672,4,103287,4,1,0,0.000000000000000,400,610,40,3,2,"Finland, Russian Federation",1.000000000000000,0.000000000000000,2990.602852859999985,0.000000000000000,0.000000000000000,2.000000000000000,277107.0000000,10
TUMB,Tumbes,SA,5371,320598,60,309122,58,222506,41,229412,43,0,0,2.000000000000000,240,800,270,3,2,"Ecuador, Peru",5.000000000000000,0.000000000000000,19.166751920700001,3.000000000000000,3.000000000000000,0.000000000000000,205760.0000000,38
TUMN,Tumen,AS,33345,2664599,80,2667389,80,2651302,80,2667854,80,3,0,2.000000000000000,180,640,220,4,3,"China, Dem People's Rep of Korea, Russian Federation",11.000000000000000,3.000000000000000,172.242053765999998,29.000000000000000,113.000000000000000,28.000000000000000,2416770.0000000,72
UBLZ,Umbeluzi,AF,9778,2865836,293,3158903,323,2734364,280,3108997,318,3,0,0.000000000000000,290,280,90,1,3,"Eswatini, Mozambique, South Africa",2.000000000000000,1.000000000000000,145.235498213000000,3.000000000000000,5.000000000000000,3.000000000000000,3115200.0000000,319
UMBA,Umba,AF,6674,560472,84,642075,96,371170,56,407103,61,0,0,0.000000000000000,110,120,50,3,2,"Kenya, United Republic of Tanzania",2.000000000000000,0.000000000000000,9.439123573510001,0.000000000000000,0.000000000000000,0.000000000000000,272342.0000000,41
UNUK,Unuk,NA,2472,16,0,8,0,0,0,0,0,0,0,0.000000000000000,null,null,null,N/A,2,"Canada, United States of America",2.000000000000000,0.000000000000000,54.517994460300002,0.000000000000000,0.000000000000000,0.000000000000000,0.0000000,0
VAGR,Vanimo-Green,AS,2670,17242,6,16625,6,38234,14,43602,16,0,0,0.000000000000000,860,0,0,3,2,"Indonesia, Papua New Guinea",0.000000000000000,0.000000000000000,6.266355043440000,0.000000000000000,0.000000000000000,0.000000000000000,11141.9003906,4
VCHT,Vecht,EU,10610,2569027,242,2589953,244,2319326,219,2337437,220,0,0,0.000000000000000,null,null,null,N/A,2,"Germany, Netherlands",1.000000000000000,0.000000000000000,310.236709345000008,0.000000000000000,0.000000000000000,2.000000000000000,2927780.0000000,276
VDVA,Valdivia,SA,10239,417951,41,356779,35,254331,25,255916,25,0,0,1.000000000000000,1380,320,70,3,2,"Argentina, Chile",3.000000000000000,0.000000000000000,540.192261531999975,0.000000000000000,0.000000000000000,0.000000000000000,321178.0000000,31
VENT,Venta,EU,11901,268648,23,266476,22,224768,19,214674,18,0,0,0.000000000000000,390,30,10,3,2,"Latvia, Lithuania",0.000000000000000,0.000000000000000,200.855769063999986,1.000000000000000,1.000000000000000,2.000000000000000,251150.0000000,21
VFSN,Vefsna,EU,4150,2082,1,2078,1,3200,1,3137,1,0,0,0.000000000000000,null,null,null,N/A,2,"Norway, Sweden",1.000000000000000,0.000000000000000,211.817382503000005,0.000000000000000,0.000000000000000,0.000000000000000,3418.9399414,1
VJSE,Vijose,EU,6816,294070,43,217922,32,142089,21,122216,18,0,8,8.000000000000000,700,590,320,4,2,"Albania, Greece",2.000000000000000,0.000000000000000,23.981175331399999,1.000000000000000,1.000000000000000,6.000000000000000,116001.0000000,17
VLKA,Velaka,EU,1075,7190,7,7652,7,13024,12,12806,12,0,0,0.000000000000000,210,140,60,3,2,"Bulgaria, Turkey",2.000000000000000,0.000000000000000,0.439812983782000,2.000000000000000,2.000000000000000,0.000000000000000,4850.1401367,5
VOLG,Volga,EU,1411749,51675436,37,52617679,37,47155359,33,47293952,34,17,0,0.000000000000000,190,25000,5170,2,2,"Kazakhstan, Russian Federation",3.000000000000000,1.000000000000000,58701.462634900002740,3.000000000000000,5.000000000000000,115.000000000000000,61284900.0000000,43
VOLT,Volta,AF,411243,34494180,84,38797529,94,36738536,89,41274902,100,37,0,8.000000000000000,180,1090,290,2,6,"Benin, Burkina Faso, Cote d'Ivoire, Ghana, Mali, Togo",6.000000000000000,2.000000000000000,6771.646067169999696,16.000000000000000,35.000000000000000,93.000000000000000,33351000.0000000,81
VRDR,Vardar,EU,24554,2249431,92,2277570,93,2064870,84,2081002,85,4,13,13.000000000000000,300,4140,1980,5,3,"Greece, Republic of North Macedonia, Serbia",2.000000000000000,0.000000000000000,125.051139781000003,9.000000000000000,9.000000000000000,18.000000000000000,2007630.0000000,82
VSTL,Vistula/Wista,EU,192068,22238594,116,22153806,115,20036105,104,19884153,104,19,0,1.000000000000000,180,7700,830,2,4,"Belarus, Poland, Slovakia, Ukraine",10.000000000000000,1.000000000000000,2638.836351729999933,7.000000000000000,14.000000000000000,54.000000000000000,23972400.0000000,125
VUKS,Vuoksa,EU,287094,4918715,17,4799087,17,4396438,15,4419759,15,8,0,0.000000000000000,300,5590,410,1,3,"Belarus, Finland, Russian Federation",8.000000000000000,1.000000000000000,62719.078979600002640,2.000000000000000,2.000000000000000,23.000000000000000,6843280.0000000,24
WHIT,Whiting,NA,2474,0,0,2,0,2,0,2,0,0,0,0.000000000000000,2210,0,0,1,2,"Canada, United States of America",2.000000000000000,1.000000000000000,67.879371791099999,0.000000000000000,0.000000000000000,0.000000000000000,1.0089999,0
WIED,Wiedau,EU,1352,66483,49,65182,48,56339,42,55523,41,0,0,0.000000000000000,490,370,110,3,2,"Denmark, Germany",0.000000000000000,0.000000000000000,26.972060417200002,0.000000000000000,0.000000000000000,0.000000000000000,69438.8984375,51
YALU,Yalu,AS,62295,7510041,121,7420225,119,6682417,107,6770560,109,13,0,0.000000000000000,380,2040,510,3,2,"China, Dem People's Rep of Korea",4.000000000000000,0.000000000000000,787.923000494999997,15.000000000000000,15.000000000000000,59.000000000000000,7076590.0000000,114
YAQU,Yaqui,NA,72879,403072,6,396014,5,385508,5,391029,5,3,0,0.000000000000000,50,2120,950,2,2,"Mexico, United States of America",3.000000000000000,1.000000000000000,416.453504878999979,8.000000000000000,9.000000000000000,7.000000000000000,351054.0000000,5
YELC,Yelcho,SA,11409,32523,3,33497,3,34529,3,36345,3,1,0,1.000000000000000,1250,20,10,3,2,"Argentina, Chile",3.000000000000000,0.000000000000000,484.988284254000007,0.000000000000000,0.000000000000000,1.000000000000000,58439.6992188,5
YNSY,Jenisej/Yenisey,AS,2504604,7540162,3,8007756,3,6809849,3,6939654,3,7,0,1.000000000000000,250,2990,580,3,2,"Mongolia, Russian Federation",3.000000000000000,0.000000000000000,106991.092955999993137,0.000000000000000,0.000000000000000,26.000000000000000,8618420.0000000,3
YSER,Yser,EU,1560,242169,155,238600,153,262012,168,266509,171,0,0,0.000000000000000,410,370,70,3,2,"Belgium, France",0.000000000000000,0.000000000000000,4.966515601180000,0.000000000000000,0.000000000000000,0.000000000000000,286356.0000000,184
YUKN,Yukon,NA,848715,96428,0,111603,0,96328,0,102504,0,1,0,0.000000000000000,240,70,10,1,2,"Canada, United States of America",2.000000000000000,1.000000000000000,31137.656975400001102,0.000000000000000,0.000000000000000,3.000000000000000,174122.0000000,0
ZAMB,Zambezi,AF,1374975,49205744,36,58069500,42,59303110,43,69978231,51,59,21,33.000000000000000,170,3450,1190,3,8,"Angola, Botswana, Malawi, Mozambique, Namibia, United Republic of Tanzania, Zambia, Zimbabwe",17.000000000000000,2.000000000000000,73319.278255099998205,30.000000000000000,100.000000000000000,894.000000000000000,53623500.0000000,39
ZAPL,Zapaleri,SA,2507,261,0,109,0,1328,1,1676,1,0,0,0.000000000000000,10,10,0,3,3,"Bolivia, Chile, Argentina",4.000000000000000,1.000000000000000,43.033466119099998,0.000000000000000,0.000000000000000,0.000000000000000,1.0240000,0
ZARM,Zarumilla,SA,1056,123393,117,143756,136,90198,85,100475,95,0,0,0.000000000000000,300,410,150,1,2,"Ecuador, Peru",7.000000000000000,0.000000000000000,36.041145259300002,2.000000000000000,2.000000000000000,0.000000000000000,127673.0000000,121
ALHN,Allahein,AF,528,153306,290,161563,306,175840,333,220467,418,0,0,0.000000000000000,null,null,null,N/A,2,"Gambia, Senegal",0.000000000000000,0.000000000000000,10.802465425199999,0.000000000000000,0.000000000000000,0.000000000000000,241551.0000000,457
EMSX,Ems/Eems,EU,15231,3090396,203,3115569,205,3166235,208,3197163,210,0,0,0.000000000000000,null,null,null, ,2,"Germany, Netherlands",2.000000000000000,0.000000000000000,332.787120512999991,0.000000000000000,0.000000000000000,10.000000000000000,3221600.0000000,212
UTBN,Muni/Utamboni,AF,8275,38990,5,45861,6,45570,6,51561,6,0,0,0.000000000000000,2780,150,20,3,2,"Equatorial Guinea, Gabon",1.000000000000000,0.000000000000000,414.362629249999998,0.000000000000000,0.000000000000000,0.000000000000000,17430.3007812,2
